Id,ActivityDay,SedentaryMinutes,LightlyActiveMinutes,FairlyActiveMinutes,VeryActiveMinutes,SedentaryActiveDistance,LightActiveDistance,ModeratelyActiveDistance,VeryActiveDistance,TotalDistance,TotalDistanceMiles
1503960366,4/12/2016,728,328,13,25,0,6.059999943,0.5500000119,1.879999995,8.48999995,5.275439759
1503960366,4/13/2016,776,217,19,21,0,4.710000038,0.6899999976,1.570000052,6.970000088,4.330955925
1503960366,4/14/2016,1218,181,11,30,0,3.910000086,0.400000006,2.440000057,6.750000149,4.194254343
1503960366,4/15/2016,726,209,34,29,0,2.829999924,1.25999999,2.140000105,6.230000019,3.871141342
1503960366,4/16/2016,773,221,10,36,0,5.039999962,0.4099999964,2.710000038,8.159999996,5.070387358
1503960366,4/17/2016,539,164,20,38,0,2.50999999,0.7799999714,3.190000057,6.480000019,4.026484092
1503960366,4/18/2016,1149,233,16,42,0,4.710000038,0.6399999857,3.25,8.600000024,5.343790615
1503960366,4/19/2016,775,264,31,50,0,5.03000021,1.320000052,3.529999971,9.880000234,6.139145625
1503960366,4/20/2016,818,205,12,28,0,4.239999771,0.4799999893,1.960000038,6.679999799,4.150758155
1503960366,4/21/2016,838,211,8,19,0,4.650000095,0.349999994,1.340000033,6.340000123,3.939492216
1503960366,4/22/2016,1217,130,27,66,0,2.24000001,1.120000005,4.760000229,8.120000243,5.045532671
1503960366,4/23/2016,732,262,21,41,0,5.360000134,0.8700000048,2.809999943,9.040000081,5.61719389
1503960366,4/24/2016,709,238,5,39,0,3.279999971,0.2099999934,2.920000076,6.410000041,3.982988136
1503960366,4/25/2016,814,216,14,73,0,3.940000057,0.5699999928,5.289999962,9.800000012,6.089435807
1503960366,4/26/2016,833,279,23,31,0,5.539999962,0.9200000167,2.329999924,8.789999902,5.461851029
1503960366,4/27/2016,1108,243,11,78,0,5.409999847,0.4099999964,6.400000095,12.21999994,7.593153582
1503960366,4/28/2016,782,189,28,48,0,3.789999962,1.159999967,3.539999962,8.48999989,5.275439722
1503960366,4/29/2016,815,243,12,16,0,5.579999924,0.5,1.059999943,7.139999866,4.436588857
1503960366,4/30/2016,712,217,34,52,0,4.269999981,1.419999957,3.559999943,9.249999881,5.747681676
1503960366,5/1/2016,730,246,35,33,0,2.920000076,1.600000024,2.289999962,6.810000062,4.231536549
1503960366,5/2/2016,798,277,15,41,0,5.920000076,0.5699999928,3.210000038,9.700000107,6.027298767
1503960366,5/3/2016,816,254,24,50,0,4.880000114,1.049999952,3.730000019,9.660000086,6.002443913
1503960366,5/4/2016,1179,203,22,36,0,3.819999933,0.8700000048,2.460000038,7.149999976,4.442802635
1503960366,5/5/2016,857,250,24,45,0,4.880000114,1.080000043,2.920000076,8.880000234,5.517774625
1503960366,5/6/2016,754,289,6,24,0,5.809999943,0.25,1.970000029,8.029999971,4.989609112
1503960366,5/7/2016,833,175,46,37,0,3.130000114,2.119999886,2.460000038,7.710000038,4.790770434
1503960366,5/8/2016,574,203,8,44,0,2.730000019,0.3199999928,3.529999971,6.579999983,4.08862117
1503960366,5/9/2016,835,206,11,46,0,3.74000001,0.5299999714,3.450000048,7.720000029,4.796984138
1503960366,5/10/2016,746,214,31,46,0,3.25999999,1.159999967,3.349999905,7.769999862,4.828052584
1503960366,5/11/2016,669,251,23,36,0,4.550000191,1.00999999,2.559999943,8.120000124,5.045532597
1503960366,5/12/2016,1440,0,0,0,0,0,0,0,0,0
1624580081,4/12/2016,1294,146,0,0,0,5.309999943,0,0,5.309999943,3.299479974
1624580081,4/13/2016,1292,148,0,0,0,4.550000191,0,0,4.550000191,2.827238169
1624580081,4/14/2016,1204,236,0,0,0.009999999776,5.909999847,0,0,5.909999847,3.672302515
1624580081,4/15/2016,1344,96,0,0,0,0.9700000286,0,0,0.9700000286,0.6027298878
1624580081,4/16/2016,1264,176,0,0,0,3.49000001,0,0,3.49000001,2.168584796
1624580081,4/17/2016,1276,127,22,15,0.009999999776,1.49000001,1.519999981,1.029999971,4.039999962,2.510338816
1624580081,4/18/2016,1214,202,7,17,0.009999999776,4.619999886,0.6200000048,2.150000095,7.389999986,4.591931681
1624580081,4/19/2016,1299,141,0,0,0,1.899999976,0,0,1.899999976,1.180604885
1624580081,4/20/2016,1289,151,0,0,0,3.230000019,0,0,3.230000019,2.007028342
1624580081,4/21/2016,1254,186,0,0,0.01999999955,4.110000134,0,0,4.110000134,2.553834893
1624580081,4/22/2016,1241,199,0,0,0,2.599999905,0,0,2.599999905,1.615564541
1624580081,4/23/2016,1213,227,0,0,0.009999999776,5.539999962,0,0,5.539999962,3.442395316
1624580081,4/24/2016,1221,185,18,16,0,1.889999986,0.9100000262,1.149999976,3.949999988,2.454415443
1624580081,4/25/2016,1238,202,0,0,0.01999999955,4.199999809,0,0,4.199999809,2.609758081
1624580081,4/26/2016,1300,140,0,0,0.009999999776,1.830000043,0,0,1.830000043,1.137108957
1624580081,4/27/2016,1233,154,36,17,0,2.460000038,1.870000005,1.110000014,5.440000057,3.380258276
1624580081,4/28/2016,1320,115,5,0,0,1.600000024,0.200000003,0,1.800000027,1.118467817
1624580081,4/29/2016,1290,150,0,0,0,1.549999952,0,0,1.549999952,0.9631250204
1624580081,4/30/2016,1182,224,23,11,0.009999999776,2.119999886,1.279999971,0.8999999762,4.299999833,2.671895196
1624580081,5/1/2016,1020,171,63,186,0.01999999955,1.909999967,4.190000057,21.92000008,28.0200001,17.41081548
1624580081,5/2/2016,1261,166,6,7,0,3.470000029,0.5899999738,0.8600000143,4.920000017,3.05714533
1624580081,5/3/2016,1344,96,0,0,0.01999999955,1.340000033,0,0,1.340000033,0.8326371607
1624580081,5/4/2016,1322,118,0,0,0,1.419999957,0,0,1.419999957,0.8823467933
1624580081,5/5/2016,1323,117,0,0,0.01999999955,1.580000043,0,0,1.580000043,0.9817662067
1624580081,5/6/2016,1338,102,0,0,0.009999999776,1.120000005,0,0,1.120000005,0.695935523
1624580081,5/7/2016,1258,182,0,0,0,1.370000005,0,0,1.370000005,0.851278273
1624580081,5/8/2016,1288,152,0,0,0,2.220000029,0,0,2.220000029,1.379443638
1624580081,5/9/2016,1349,91,0,0,0,1.129999995,0,0,1.129999995,0.702149227
1624580081,5/10/2016,1301,139,0,0,0.009999999776,1.919999957,0,0,1.919999957,1.193032293
1624580081,5/11/2016,1328,112,0,0,0,2.039999962,0,0,2.039999962,1.267596816
1624580081,5/12/2016,890,107,0,0,0.009999999776,1.919999957,0,0,1.919999957,1.193032293
1644430081,4/12/2016,1131,256,51,2,0,5.329999924,2.299999952,0.1400000006,7.769999877,4.828052593
1644430081,4/13/2016,1259,135,16,30,0,2.640000105,0.8999999762,2.279999971,5.820000052,3.616379253
1644430081,4/14/2016,1125,252,58,5,0,5.099999905,2.559999943,0.3600000143,8.019999862,4.983395334
1644430081,4/15/2016,1263,170,4,3,0,3.450000048,0.150000006,0.2199999988,3.820000052,2.373637253
1644430081,4/16/2016,1135,212,42,51,0,5.090000153,1.879999995,4.099999905,11.07000005,6.878577003
1644430081,4/17/2016,1212,186,13,29,0,3.549999952,0.5699999928,2.25,6.369999945,3.958133236
1644430081,4/18/2016,1271,121,33,15,0,2.450000048,1.669999957,1.070000052,5.190000057,3.224915526
1644430081,4/19/2016,1099,278,58,5,0,5.300000191,2.529999971,0.3600000143,8.190000176,5.0890286
1644430081,4/20/2016,1315,125,0,0,0.009999999776,1.75999999,0,0,1.75999999,1.093612954
1644430081,4/21/2016,1402,38,0,0,0.009999999776,0.8799999952,0,0,0.8799999952,0.546806477
1644430081,4/22/2016,1354,86,0,0,0.009999999776,2.660000086,0,0,2.660000086,1.652846913
1644430081,4/23/2016,1265,160,15,0,0,4.25,0.5799999833,0,4.829999983,3.00122192
1644430081,4/24/2016,1351,89,0,0,0,2.410000086,0,0,2.410000086,1.497504163
1644430081,4/25/2016,1337,94,1,8,0,1.950000048,0.05999999866,0.5899999738,2.60000002,1.615564612
1644430081,4/26/2016,1165,223,41,11,0,4.690000057,1.720000029,0.8000000119,7.210000098,4.480084971
1644430081,4/27/2016,1322,118,0,0,0,2.200000048,0,0,2.200000048,1.36701623
1644430081,4/28/2016,1157,227,53,3,0,4.309999943,2.319999933,0.200000003,6.829999879,4.243963855
1644430081,4/29/2016,1193,120,0,0,0,2.309999943,0,0,2.309999943,1.435366974
1644430081,4/30/2016,816,402,71,9,0,9.460000038,3.140000105,0.6299999952,13.23000014,8.220738416
1644430081,5/1/2016,908,146,24,3,0,3.230000019,0.9900000095,0.2399999946,4.460000023,2.771314674
1644430081,5/2/2016,682,148,7,1,0,2.349999905,0.3100000024,0.0700000003,2.729999907,1.696342772
1644430081,5/3/2016,1115,221,94,10,0,4.539999962,4.090000153,0.7200000286,9.350000143,5.809818939
1644430081,5/4/2016,1388,52,0,0,0.01999999955,1.659999967,0,0,1.659999967,1.031475839
1644430081,5/5/2016,1341,81,12,6,0.009999999776,2.130000114,0.5400000215,0.5199999809,3.190000117,1.982173563
1644430081,5/6/2016,1054,369,6,11,0.01999999955,6.010000229,0.2700000107,0.8199999928,7.100000232,4.411734244
1644430081,5/7/2016,1139,243,17,41,0.009999999776,5.670000076,0.7900000215,3.25999999,9.720000088,6.039726175
1644430081,5/8/2016,991,295,0,0,0,4.880000114,0,0,4.880000114,3.032290551
1644430081,5/9/2016,1099,303,6,32,0.009999999776,2.089999914,0.349999994,2.390000105,4.830000013,3.001221938
1644430081,5/10/2016,1254,155,19,12,0.009999999776,4.96999979,0.8100000024,0.8799999952,6.659999788,4.138330728
1644430081,5/11/2016,713,49,0,0,0.009999999776,0.9499999881,0,0,0.9499999881,0.5903024426
1844505072,4/12/2016,1101,339,0,0,0,4.429999828,0,0,4.429999828,2.752673423
1844505072,4/13/2016,1192,248,0,0,0,3.25999999,0,0,3.25999999,2.025669454
1844505072,4/14/2016,843,373,0,0,0,5.230000019,0,0,5.230000019,3.249770342
1844505072,4/15/2016,527,176,0,0,0,2.539999962,0,0,2.539999962,1.578282316
1844505072,4/16/2016,1293,147,0,0,0,2.25999999,0,0,2.25999999,1.404298454
1844505072,4/17/2016,1231,199,8,2,0,2.589999914,0.2599999905,0.1400000006,2.989999905,1.857899231
1844505072,4/18/2016,1211,217,12,0,0,2.559999943,0.4799999893,0,3.039999932,1.888967798
1844505072,4/19/2016,1430,10,0,0,0,0.1299999952,0,0,0.1299999952,0.08077822704
1844505072,4/20/2016,1439,1,0,0,0,0.009999999776,0,0,0.009999999776,0.006213709861
1844505072,4/21/2016,1117,308,13,2,0,4.679999828,0.5199999809,0.1199999973,5.319999807,3.3056936
1844505072,4/22/2016,1220,220,0,0,0,3.549999952,0,0,3.549999952,2.20586702
1844505072,4/23/2016,1301,139,0,0,0,2.359999895,0,0,2.359999895,1.466435495
1844505072,4/24/2016,1440,0,0,0,0,0,0,0,0,0
1844505072,4/25/2016,1440,0,0,0,0,0,0,0,0,0
1844505072,4/26/2016,1440,0,0,0,0,0,0,0,0,0
1844505072,4/27/2016,1439,1,0,0,0,0,0,0,0,0
1844505072,4/28/2016,1138,302,0,0,0,4.559999943,0,0,4.559999943,2.833451724
1844505072,4/29/2016,1082,247,0,0,0,3.25,0,0,3.25,2.01945575
1844505072,4/30/2016,218,184,0,0,0,2.650000095,0,0,2.650000095,1.646633209
1844505072,5/1/2016,585,75,7,0,0,1.450000048,0.2599999905,0,1.710000038,1.062544434
1844505072,5/2/2016,1440,0,0,0,0,0,0,0,0,0
1844505072,5/3/2016,1256,184,0,0,0,2.680000067,0,0,2.680000067,1.665274321
1844505072,5/4/2016,1353,87,0,0,0,1.370000005,0,0,1.370000005,0.851278273
1844505072,5/5/2016,1320,120,0,0,0,1.480000019,0,0,1.480000019,0.9196290919
1844505072,5/6/2016,1438,2,0,0,0,0.02999999933,0,0,0.02999999933,0.01864112958
1844505072,5/7/2016,1440,0,0,0,0,0,0,0,0,0
1844505072,5/8/2016,1440,0,0,0,0,0,0,0,0,0
1844505072,5/9/2016,1440,0,0,0,0,0,0,0,0,0
1844505072,5/10/2016,1440,0,0,0,0,0,0,0,0,0
1844505072,5/11/2016,1440,0,0,0,0,0,0,0,0,0
1844505072,5/12/2016,711,0,0,0,0,0,0,0,0,0
1927972279,4/12/2016,734,55,0,0,0,0.4699999988,0,0,0.4699999988,0.2920443693
1927972279,4/13/2016,986,32,0,0,0,0.25,0,0,0.25,0.15534275
1927972279,4/14/2016,1292,88,9,0,0,1.100000024,0.400000006,0,1.50000003,0.9320565185
1927972279,4/15/2016,941,51,0,0,0,0.6800000072,0,0,0.6800000072,0.4225322844
1927972279,4/16/2016,1440,0,0,0,0,0,0,0,0,0
1927972279,4/17/2016,1440,0,0,0,0,0,0,0,0,0
1927972279,4/18/2016,1423,17,0,0,0,0.1700000018,0,0,0.1700000018,0.1056330711
1927972279,4/19/2016,1440,0,0,0,0,0,0,0,0,0
1927972279,4/20/2016,1440,0,0,0,0,0,0,0,0,0
1927972279,4/21/2016,1440,0,0,0,0,0,0,0,0,0
1927972279,4/22/2016,1430,10,0,0,0,0.1000000015,0,0,0.1000000015,0.06213710093
1927972279,4/23/2016,1295,145,0,0,0,2.039999962,0,0,2.039999962,1.267596816
1927972279,4/24/2016,1358,75,6,1,0,1.139999986,0.2399999946,0.0700000003,1.449999981,0.900987938
1927972279,4/25/2016,1303,12,0,0,0,0.1099999994,0,0,0.1099999994,0.06835080963
1927972279,4/26/2016,1058,192,0,0,0,2.599999905,0,0,2.599999905,1.615564541
1927972279,4/27/2016,1440,0,0,0,0,0,0,0,0,0
1927972279,4/28/2016,1167,95,0,0,0,1.159999967,0,0,1.159999967,0.7207903393
1927972279,4/29/2016,1440,0,0,0,0,0,0,0,0,0
1927972279,4/30/2016,1440,0,0,0,0,0,0,0,0,0
1927972279,5/1/2016,1355,70,1,14,0,0.8299999833,0.02999999933,1.00999999,1.869999973,1.161963753
1927972279,5/2/2016,1322,94,8,16,0,1.159999967,0.3000000119,1.159999967,2.619999945,1.627991986
1927972279,5/3/2016,1413,17,0,10,0,0.1800000072,0,0.7300000191,0.9100000262,0.5654476263
1927972279,5/4/2016,1353,87,0,0,0,1.24000001,0,0,1.24000001,0.7705000459
1927972279,5/5/2016,1440,0,0,0,0,0,0,0,0,0
1927972279,5/6/2016,1332,108,0,0,0,1.450000048,0,0,1.450000048,0.9009879796
1927972279,5/7/2016,1392,48,0,0,0,1.039999962,0,0,1.039999962,0.6462258163
1927972279,5/8/2016,1440,0,0,0,0,0,0,0,0,0
1927972279,5/9/2016,1440,0,0,0,0,0,0,0,0,0
1927972279,5/10/2016,1440,0,0,0,0,0,0,0,0,0
1927972279,5/11/2016,1440,0,0,0,0,0,0,0,0,0
1927972279,5/12/2016,966,0,0,0,0,0,0,0,0,0
2022484408,4/12/2016,1157,227,14,42,0,4.260000229,0.7699999809,3.309999943,8.340000153,5.182234235
2022484408,4/13/2016,1100,292,5,43,0,5.409999847,0.1000000015,2.99000001,8.499999858,5.281653412
2022484408,4/14/2016,1148,257,3,32,0,4.820000172,0.2099999934,2.480000019,7.510000184,4.666496324
2022484408,4/15/2016,1122,282,9,27,0,5.78000021,0.3100000024,1.940000057,8.030000269,4.989609297
2022484408,4/16/2016,1237,151,11,41,0,3.390000105,0.5500000119,3.150000095,7.090000212,4.405520522
2022484408,4/17/2016,1052,331,29,28,0,6.880000114,0.6600000262,3.869999886,11.41000003,7.089843126
2022484408,4/18/2016,1078,311,3,48,0,6.300000191,0.1199999973,3.640000105,10.06000029,6.250992442
2022484408,4/19/2016,1152,250,7,31,0,5,0.2399999946,3.289999962,8.529999956,5.300294603
2022484408,4/20/2016,1053,276,63,48,0,5.400000095,1.929999948,3.339999914,10.66999996,6.630028543
2022484408,4/21/2016,1028,255,53,104,0,4.309999943,1.110000014,3.329999924,8.749999881,5.436996176
2022484408,4/22/2016,1105,273,10,52,0,4.46999979,0.4199999869,4.429999828,9.319999605,5.791177475
2022484408,4/23/2016,1191,249,0,0,0,4.210000038,0,0,4.210000038,2.615971934
2022484408,4/24/2016,1161,216,26,37,0,4.579999924,1.149999976,4.550000191,10.28000009,6.387693936
2022484408,4/25/2016,1171,217,8,44,0,4.460000038,0.2199999988,3.329999924,8.009999961,4.977181686
2022484408,4/26/2016,1086,275,24,55,0,5.110000134,0.6600000262,1.429999948,7.200000107,4.473871267
2022484408,4/27/2016,1119,282,20,19,0,5.119999886,0.9700000286,1.039999962,7.129999876,4.430375153
2022484408,4/28/2016,1123,291,20,6,0,5.389999866,1.330000043,0.4099999964,7.129999906,4.430375171
2022484408,4/29/2016,1098,281,40,21,0,5.5,1.210000038,0.4799999893,7.190000027,4.467657507
2022484408,4/30/2016,1043,361,23,13,0,10.56999969,1.399999976,0.9399999976,12.90999967,8.021899404
2022484408,5/1/2016,1142,245,28,25,0,4.5,0.9599999785,1.940000057,7.400000036,4.598145422
2022484408,5/2/2016,1119,277,8,36,0,4.329999924,0.3400000036,2.609999895,7.279999822,4.52358077
2022484408,5/3/2016,1104,250,14,72,0,4.28000021,0.4600000083,3.99000001,8.730000228,5.424568971
2022484408,5/4/2016,1105,272,27,36,0,4.849999905,0.9300000072,2.50999999,8.289999902,5.151165529
2022484408,5/5/2016,1112,253,20,55,0,4.699999809,0.8600000143,2.789999962,8.349999785,5.188447717
2022484408,5/6/2016,1104,295,17,24,0,4.639999866,0.6700000167,1.870000005,7.179999888,4.46144371
2022484408,5/7/2016,1269,149,2,20,0,3.019999981,0.07999999821,1.610000014,4.709999993,2.926657406
2022484408,5/8/2016,1305,135,0,0,0,2.309999943,0,0,2.309999943,1.435366974
2022484408,5/9/2016,1061,297,47,35,0,5.639999866,1.629999995,2.119999886,9.389999747,5.834673533
2022484408,5/10/2016,1084,271,28,57,0,5.559999943,1.210000038,2.220000029,8.99000001,5.586125296
2022484408,5/11/2016,1133,224,25,58,0,3.99000001,1.149999976,4.179999828,9.319999814,5.791177604
2022484408,5/12/2016,728,236,16,16,0,4.440000057,0.6700000167,1.279999971,6.390000045,3.970560718
2026352035,4/12/2016,706,181,8,3,0,2.200000048,0.349999994,0.1899999976,2.740000039,1.702556564
2026352035,4/13/2016,663,238,0,0,0,3.099999905,0,0,3.099999905,1.926250041
2026352035,4/14/2016,653,197,0,0,0,2.049999952,0,0,2.049999952,1.27381052
2026352035,4/15/2016,687,188,0,0,0,2.369999886,0,0,2.369999886,1.472649199
2026352035,4/16/2016,728,150,0,0,0,1.580000043,0,0,1.580000043,0.9817662067
2026352035,4/17/2016,1053,60,0,0,0,0.5199999809,0,0,0.5199999809,0.3231129081
2026352035,4/18/2016,1062,182,0,0,0,2.059999943,0,0,2.059999943,1.280024224
2026352035,4/19/2016,785,141,0,0,0,1.5,0,0,1.5,0.9320565
2026352035,4/20/2016,623,327,0,0,0,4.480000019,0,0,4.480000019,2.783742092
2026352035,4/21/2016,749,153,0,0,0,1.529999971,0,0,1.529999971,0.9506976122
2026352035,4/22/2016,712,162,0,0,0,1.809999943,0,0,1.809999943,1.124681474
2026352035,4/23/2016,458,432,0,0,0,7.710000038,0,0,7.710000038,4.790770434
2026352035,4/24/2016,704,164,0,0,0,2.160000086,0,0,2.160000086,1.342161413
2026352035,4/25/2016,821,260,0,0,0,3.730000019,0,0,3.730000019,2.317713842
2026352035,4/26/2016,1018,288,0,0,0,3.680000067,0,0,3.680000067,2.286645321
2026352035,4/27/2016,586,286,0,0,0,3.769999981,0,0,3.769999981,2.342568658
2026352035,4/28/2016,626,331,0,0,0,3.950000048,0,0,3.950000048,2.45441548
2026352035,4/29/2016,492,352,0,0,0,4.710000038,0,0,4.710000038,2.926657434
2026352035,4/30/2016,594,233,0,0,0,2.930000067,0,0,2.930000067,1.820617071
2026352035,5/1/2016,716,191,0,0,0,2.279999971,0,0,2.279999971,1.416725862
2026352035,5/2/2016,716,355,0,0,0,4.349999905,0,0,4.349999905,2.702963791
2026352035,5/3/2016,981,304,0,0,0,3.720000029,0,0,3.720000029,2.311500138
2026352035,5/4/2016,530,345,0,0,0,4.070000172,0,0,4.070000172,2.528980077
2026352035,5/5/2016,479,475,0,0,0,7.539999962,0,0,7.539999962,4.685137316
2026352035,5/6/2016,511,383,0,0,0,5.079999924,0,0,5.079999924,3.156564633
2026352035,5/7/2016,665,229,0,0,0,2.599999905,0,0,2.599999905,1.615564541
2026352035,5/8/2016,610,258,0,0,0,3.450000048,0,0,3.450000048,2.14372998
2026352035,5/9/2016,543,401,0,0,0,6.599999905,0,0,6.599999905,4.101048541
2026352035,5/10/2016,1002,17,0,0,0,0.1599999964,0,0,0.1599999964,0.09941935778
2026352035,5/11/2016,569,330,0,0,0,5.320000172,0,0,5.320000172,3.305693827
2026352035,5/12/2016,330,343,0,0,0,5.510000229,0,0,5.510000229,3.423754352
2320127002,4/12/2016,1112,306,9,13,0,6.010000229,0.3100000024,1.169999957,7.490000188,4.654068907
2320127002,4/13/2016,1105,335,0,0,0,4.900000095,0,0,4.900000095,3.044717959
2320127002,4/14/2016,1249,191,0,0,0,2.680000067,0,0,2.680000067,1.665274321
2320127002,4/15/2016,1195,245,0,0,0,3.50999999,0,0,3.50999999,2.181012204
2320127002,4/16/2016,1245,195,0,0,0,3.400000095,0,0,3.400000095,2.112661459
2320127002,4/17/2016,1191,249,0,0,0,4.179999828,0,0,4.179999828,2.597330673
2320127002,4/18/2016,1173,260,7,0,0,4.139999866,0.2599999905,0,4.399999857,2.734032311
2320127002,4/19/2016,1201,228,11,0,0,3.660000086,0.3799999952,0,4.040000081,2.51033889
2320127002,4/20/2016,1146,283,11,0,0,4.340000153,0.4900000095,0,4.830000162,3.001222031
2320127002,4/21/2016,1302,127,10,1,0,1.809999943,0.4199999869,0.05999999866,2.289999928,1.422939545
2320127002,4/22/2016,1174,266,0,0,0,3.75999999,0,0,3.75999999,2.336354954
2320127002,4/23/2016,1129,242,0,0,0,3.420000076,0,0,3.420000076,2.125088867
2320127002,4/24/2016,1236,204,0,0,0,2.799999952,0,0,2.799999952,1.73983877
2320127002,4/25/2016,1280,152,5,3,0,1.99000001,0.200000003,0.2300000042,2.420000017,1.50371783
2320127002,4/26/2016,1293,147,0,0,0,2.299999952,0,0,2.299999952,1.42915327
2320127002,4/27/2016,1358,82,0,0,0,1.159999967,0,0,1.159999967,0.7207903393
2320127002,4/28/2016,1364,76,0,0,0,1.029999971,0,0,1.029999971,0.6400121122
2320127002,4/29/2016,1395,45,0,0,0,0.6200000048,0,0,0.6200000048,0.385250023
2320127002,4/30/2016,1206,234,0,0,0,3.069999933,0,0,3.069999933,1.907608929
2320127002,5/1/2016,1400,40,0,0,0,0.5199999809,0,0,0.5199999809,0.3231129081
2320127002,5/2/2016,1306,123,6,5,0,1.879999995,0.2099999934,0.3600000143,2.450000003,1.522358952
2320127002,5/3/2016,1204,206,10,20,0,3.160000086,0.3700000048,1.49000001,5.0200001,3.119282482
2320127002,5/4/2016,1388,52,0,0,0,0.8100000024,0,0,0.8100000024,0.5033105115
2320127002,5/5/2016,1206,223,11,0,0,3.109999895,0.3899999857,0,3.499999881,2.174798426
2320127002,5/6/2016,1236,204,0,0,0,3.289999962,0,0,3.289999962,2.044310566
2320127002,5/7/2016,1121,319,0,0,0,4.96999979,0,0,4.96999979,3.08821374
2320127002,5/8/2016,1193,247,0,0,0,3.470000029,0,0,3.470000029,2.156157388
2320127002,5/9/2016,1295,145,0,0,0,2.079999924,0,0,2.079999924,1.292451633
2320127002,5/10/2016,1150,290,0,0,0,4.199999809,0,0,4.199999809,2.609758081
2320127002,5/11/2016,1140,300,0,0,0,4.329999924,0,0,4.329999924,2.690536383
2320127002,5/12/2016,830,128,0,0,0,1.789999962,0,0,1.789999962,1.112254066
2347167796,4/12/2016,964,320,13,28,0,4.199999809,0.6200000048,2,6.819999814,4.237750104
2347167796,4/13/2016,676,195,32,19,0,3.410000086,1.940000057,1.659999967,7.01000011,4.355810778
2347167796,4/14/2016,705,206,48,1,0,3.940000057,2.74000001,0.01999999955,6.700000066,4.163185741
2347167796,4/15/2016,720,284,24,1,0,5.429999828,1.419999957,0.0700000003,6.919999786,4.299887187
2347167796,4/16/2016,968,268,72,66,0,5.53000021,4.099999905,5.449999809,15.07999992,9.370274633
2347167796,4/17/2016,508,249,7,1,0,3.25999999,0.2800000012,0.07999999821,3.61999999,2.249363014
2347167796,4/18/2016,678,206,16,11,0,3.789999962,0.8600000143,0.7900000215,5.439999998,3.380258239
2347167796,4/19/2016,648,382,7,0,0,4.440000057,0,0,4.440000057,2.758887276
2347167796,4/20/2016,1011,269,43,11,0,4.78000021,1.809999943,0.6800000072,7.27000016,4.517367269
2347167796,4/21/2016,761,208,26,23,0,3.380000114,1.529999971,1.850000024,6.76000011,4.200468028
2347167796,4/22/2016,781,206,27,9,0,2.920000076,1.679999948,0.5600000024,5.160000026,3.206274376
2347167796,4/23/2016,591,360,35,32,0,7.150000095,1.450000048,2.779999971,11.38000011,7.071202051
2347167796,4/24/2016,584,360,0,0,0,6.260000229,0,0,6.260000229,3.889782602
2347167796,4/25/2016,653,277,11,15,0,4.599999905,0.5199999809,1.269999981,6.389999866,3.970560607
2347167796,4/26/2016,732,227,0,0,0,3.950000048,0,0,3.950000048,2.45441548
2347167796,4/27/2016,623,295,9,26,0,5.320000172,0.400000006,1.860000014,7.580000192,4.709992299
2347167796,4/28/2016,764,229,0,0,0,3.599999905,0,0,3.599999905,2.236935541
2347167796,4/29/2016,2,4,0,0,0,0.02999999933,0,0,0.02999999933,0.01864112958
2873212765,4/12/2016,1061,356,21,2,0,4.880000114,0.9300000072,0.1099999994,5.920000121,3.678516395
2873212765,4/13/2016,1028,404,8,0,0.01999999955,4.880000114,0.2199999988,0,5.100000113,3.16899217
2873212765,4/14/2016,1109,331,0,0,0,5.320000172,0,0,5.320000172,3.305693827
2873212765,4/15/2016,992,448,0,0,0.009999999776,5.690000057,0,0,5.690000057,3.535601026
2873212765,4/16/2016,1087,305,1,47,0.009999999776,3.50999999,0.01999999955,3.109999895,6.639999885,4.125903369
2873212765,4/17/2016,1272,160,8,0,0,1.340000033,0.349999994,0,1.690000027,1.050117007
2873212765,4/18/2016,1122,311,6,1,0,4.889999866,0.2800000012,0.0700000003,5.239999868,3.255983958
2873212765,4/19/2016,1051,389,0,0,0,5.360000134,0,0,5.360000134,3.330548643
2873212765,4/20/2016,1035,378,5,22,0.009999999776,4.659999847,0.1199999973,1.50999999,6.289999835,3.908423488
2873212765,4/21/2016,1057,371,10,2,0.009999999776,5.46999979,0.3700000048,0.1299999952,5.96999979,3.70958474
2873212765,4/22/2016,1028,366,0,46,0.01999999955,4.420000076,0,0.4600000083,4.880000085,3.032290533
2873212765,4/23/2016,1077,330,5,28,0.009999999776,4.019999981,0.2300000042,2.089999914,6.339999899,3.939492077
2873212765,4/24/2016,1203,190,1,46,0,1.620000005,0.05999999866,3,4.680000003,2.908016282
2873212765,4/25/2016,1081,359,0,0,0,4.949999809,0,0,4.949999809,3.075786331
2873212765,4/26/2016,1124,309,5,2,0,5.239999771,0.1800000072,0.1199999973,5.539999776,3.442395201
2873212765,4/27/2016,1197,197,0,46,0,2.359999895,0,0,2.359999895,1.466435495
2873212765,4/28/2016,1192,213,7,28,0,2.910000086,0.3400000036,2.160000086,5.410000175,3.361617219
2873212765,4/29/2016,1191,206,23,20,0,2.180000067,1.409999967,1.360000014,4.950000048,3.07578648
2873212765,4/30/2016,1167,248,20,5,0.009999999776,4.260000229,1.080000043,0.3300000131,5.670000285,3.523173747
2873212765,5/1/2016,1219,196,18,7,0,3.440000057,1.039999962,0.4900000095,4.970000029,3.088213888
2873212765,5/2/2016,1099,334,7,0,0.01999999955,4.829999924,0.2099999934,0,5.039999917,3.131709789
2873212765,5/3/2016,1070,363,6,1,0.009999999776,4.659999847,0.25,0.05999999866,4.969999846,3.088213774
2873212765,5/4/2016,1020,420,0,0,0,5.559999943,0,0,5.559999943,3.454822724
2873212765,5/5/2016,1093,311,23,13,0,4.03000021,0.8000000119,0.7799999714,5.610000193,3.48589143
2873212765,5/6/2016,1065,370,5,0,0.009999999776,4.610000134,0.1199999973,0,4.730000131,2.939084911
2873212765,5/7/2016,1302,52,11,75,0,0.5500000119,0.5500000119,2.279999971,3.379999995,2.100233977
2873212765,5/8/2016,1068,326,0,46,0,2.640000105,0,2.900000095,5.5400002,3.442395464
2873212765,5/9/2016,1095,345,0,0,0,5.190000057,0,0,5.190000057,3.224915526
2873212765,5/10/2016,1067,373,0,0,0.009999999776,5.550000191,0,0,5.550000191,3.448609169
2873212765,5/11/2016,1121,319,0,0,0.009999999776,4.320000172,0,0,4.320000172,2.684322827
2873212765,5/12/2016,720,268,0,0,0,5.110000134,0,0,5.110000134,3.175205893
3372868164,4/12/2016,1160,280,0,0,0.009999999776,3.230000019,0,0,3.230000019,2.007028342
3372868164,4/13/2016,1045,371,8,16,0.01999999955,5.269999981,0.3400000036,0.9900000095,6.599999994,4.101048596
3372868164,4/14/2016,1039,370,25,6,0.009999999776,4.650000095,1.029999971,0.3400000036,6.02000007,3.740653464
3372868164,4/15/2016,1105,335,0,0,0.01999999955,5.059999943,0,0,5.059999943,3.144137224
3372868164,4/16/2016,1084,356,0,0,0.02999999933,4.699999809,0,0,4.699999809,2.920443581
3372868164,4/17/2016,1105,322,2,11,0.009999999776,4.360000134,0.1000000015,1.409999967,5.870000102,3.647447833
3372868164,4/18/2016,1070,343,7,20,0,3.349999905,0.200000003,1.080000043,4.629999951,2.876947699
3372868164,4/19/2016,1064,376,0,0,0.01999999955,5.239999771,0,0,5.239999771,3.255983898
3372868164,4/20/2016,1148,274,3,15,0.01999999955,2.380000114,0.09000000358,0.8399999738,3.310000092,2.056738067
3372868164,4/21/2016,1037,376,9,18,0.009999999776,4.639999866,0.2599999905,1.149999976,6.049999833,3.759294446
3372868164,4/22/2016,1234,206,0,0,0.009999999776,2.609999895,0,0,2.609999895,1.621778245
3372868164,4/23/2016,1115,303,2,20,0,3.579999924,0.07999999821,1.399999976,5.059999898,3.144137197
3372868164,4/24/2016,1127,292,7,14,0.01999999955,3.49000001,0.1899999976,0.8899999857,4.569999993,2.839665466
3372868164,4/25/2016,1024,416,0,0,0,4.090000153,0,0,4.090000153,2.541407485
3372868164,4/26/2016,1083,333,2,22,0.009999999776,3.869999886,0.05000000075,1.850000024,5.76999991,3.585310614
3372868164,4/27/2016,1057,346,13,24,0.009999999776,3.190000057,0.6299999952,1.580000043,5.400000095,3.355403459
3372868164,4/28/2016,1055,385,0,0,0,3.75999999,0,0,3.75999999,2.336354954
3372868164,4/29/2016,1038,402,0,0,0.009999999776,6.21999979,0,0,6.21999979,3.86492749
3372868164,4/30/2016,1119,300,4,17,0.009999999776,2.420000076,0.09000000358,1.059999943,3.570000023,2.218294484
3372868164,5/1/2016,842,172,0,0,0,2.089999914,0,0,2.089999914,1.298665337
3977333714,4/12/2016,777,131,19,44,0,2.00999999,0.9100000262,3.059999943,5.979999959,3.715798555
3977333714,4/13/2016,754,153,46,31,0,2.549999952,2.130000114,2.029999971,6.710000038,4.169399434
3977333714,4/14/2016,801,214,23,5,0,3.819999933,0.9700000286,0.3199999928,5.109999955,3.175205782
3977333714,4/15/2016,644,183,42,15,0,3.25999999,1.75,1.049999952,6.059999943,3.765508224
3977333714,4/16/2016,663,153,83,31,0,2.970000029,4,2.029999971,9,5.592339
3977333714,4/17/2016,600,205,58,11,0,3.920000076,2.349999905,0.6999999881,6.969999969,4.330955851
3977333714,4/18/2016,605,214,95,4,0,3.819999933,3.730000019,0.25,7.799999952,4.84669377
3977333714,4/19/2016,738,221,67,19,0,3.960000038,2.450000048,2.24000001,8.650000095,5.374859209
3977333714,4/20/2016,845,164,98,2,0,3.279999971,4.349999905,0.200000003,7.829999879,4.865334855
3977333714,4/21/2016,712,242,0,0,0,4.059999943,0,0,4.059999943,2.522766224
3977333714,4/22/2016,731,188,12,33,0,3.059999943,0.5799999833,2.329999924,5.96999985,3.709584777
3977333714,4/23/2016,724,252,92,0,0,3.849999905,4.21999979,0,8.069999695,5.01446378
3977333714,4/24/2016,660,129,95,30,0,2.170000076,4.559999943,3.269999981,10,6.21371
3977333714,4/25/2016,781,133,9,50,0,2.410000086,0.4300000072,5.619999886,8.459999979,5.256798647
3977333714,4/26/2016,797,170,95,7,0,2.950000048,4.21999979,0.4499999881,7.619999826,4.734846912
3977333714,4/27/2016,714,176,10,0,0,4.619999886,0.4199999869,0,5.039999872,3.131709761
3977333714,4/28/2016,804,190,8,15,0,3.220000029,0.2899999917,1.370000005,4.880000025,3.032290496
3977333714,4/29/2016,744,150,32,36,0,2.710000038,1.299999952,3.74000001,7.75,4.81562525
3977333714,4/30/2016,687,194,52,43,0,3.410000086,2.099999905,3.690000057,9.200000048,5.71661323
3977333714,5/1/2016,691,124,40,41,0,2.410000086,1.980000019,2.670000076,7.060000181,4.386879373
3977333714,5/2/2016,713,176,143,24,0,3.019999981,6.480000019,1.539999962,11.03999996,6.859935816
3977333714,5/3/2016,594,258,41,47,0,4.53000021,1.74000001,3.319999933,9.590000153,5.958947985
3977333714,5/4/2016,852,142,96,14,0,2.890000105,4.579999924,1.809999943,9.279999971,5.766322862
3977333714,5/5/2016,680,178,88,14,0,2.710000038,4.110000134,1.75999999,8.580000162,5.331363281
3977333714,5/6/2016,676,168,55,29,0,2.670000076,2.50999999,3.109999895,8.289999962,5.151165566
3977333714,5/7/2016,703,208,86,0,0,3.589999914,4.130000114,0,7.720000029,4.796984138
3977333714,5/8/2016,688,171,116,9,0,3.170000076,5.239999771,0.6800000072,9.089999855,5.6482623
3977333714,5/9/2016,1159,151,122,8,0,3.549999952,5.599999905,0.7699999809,9.919999838,6.164000219
3977333714,5/10/2016,676,196,115,1,0,3.309999943,5.400000095,0.0700000003,8.780000038,5.455637404
3977333714,5/11/2016,13,9,0,4,0,0.1299999952,0,0.3700000048,0.5,0.3106855
4020332650,4/12/2016,712,331,15,4,0,5.679999828,0.2399999946,0.150000006,6.069999829,3.771721864
4020332650,4/13/2016,1440,0,0,0,0,0,0,0,0,0
4020332650,4/14/2016,1437,3,0,0,0,0.02999999933,0,0,0.02999999933,0.01864112958
4020332650,4/15/2016,1299,87,18,36,0,0.7699999809,0.3600000143,0.2099999934,1.339999989,0.832637133
4020332650,4/16/2016,1222,55,21,65,0,0.5899999738,0.3700000048,0.4499999881,1.409999967,0.8761330893
4020332650,4/17/2016,1438,2,0,0,0,0.009999999776,0,0,0.009999999776,0.006213709861
4020332650,4/18/2016,1438,2,0,0,0,0.03999999911,0,0,0.03999999911,0.02485483944
4020332650,4/19/2016,1440,0,0,0,0,0,0,0,0,0
4020332650,4/20/2016,1440,0,0,0,0,0,0,0,0,0
4020332650,4/21/2016,1440,0,0,0,0,0,0,0,0,0
4020332650,4/22/2016,1440,0,0,0,0,0,0,0,0,0
4020332650,4/23/2016,1440,0,0,0,0,0,0,0,0,0
4020332650,4/24/2016,1440,0,0,0,0,0,0,0,0,0
4020332650,4/25/2016,1440,0,0,0,0,0,0,0,0,0
4020332650,4/26/2016,1440,0,0,0,0,0,0,0,0,0
4020332650,4/27/2016,1440,0,0,0,0,0,0,0,0,0
4020332650,4/28/2016,1440,0,0,0,0,0,0,0,0,0
4020332650,4/29/2016,1440,0,0,0,0,0,0,0,0,0
4020332650,4/30/2016,1440,0,0,0,0,0,0,0,0,0
4020332650,5/1/2016,1440,0,0,0,0,0,0,0,0,0
4020332650,5/2/2016,1350,31,11,0,0,0.2899999917,0.03999999911,0,0.3299999908,0.2050524243
4020332650,5/3/2016,950,174,0,0,0.05000000075,3.150000095,0,0,3.150000095,1.957318709
4020332650,5/4/2016,531,346,46,13,0,5.579999924,1.039999962,0.6700000167,7.289999902,4.529794529
4020332650,5/5/2016,916,196,42,38,0.0700000003,4.039999962,1.679999948,2.619999886,8.339999795,5.182234013
4020332650,5/6/2016,855,177,0,0,0.009999999776,3.099999905,0,0,3.099999905,1.926250041
4020332650,5/7/2016,1256,184,0,0,0,3.579999924,0,0,3.579999924,2.224508133
4020332650,5/8/2016,775,263,0,0,0,4.150000095,0,0,4.150000095,2.578689709
4020332650,5/9/2016,1225,173,5,3,0,2.940000057,0.1199999973,0.200000003,3.260000058,2.025669496
4020332650,5/10/2016,774,206,0,0,0.03999999911,3.869999886,0,0,3.869999886,2.404705699
4020332650,5/11/2016,1296,134,8,2,0,2.329999924,0.1700000018,0.1099999994,2.609999925,1.621778263
4020332650,5/12/2016,721,21,0,0,0,0.4099999964,0,0,0.4099999964,0.2547621078
4057192912,4/12/2016,1276,164,0,0,0,3.940000057,0,0,3.940000057,2.448201776
4057192912,4/13/2016,1280,160,0,0,0,4.369999886,0,0,4.369999886,2.715391199
4057192912,4/14/2016,1440,0,0,0,0,0,0,0,0,0
4057192912,4/15/2016,873,88,6,3,0,2.440000057,0.2599999905,0.2099999934,2.910000041,1.808189636
4319703577,4/12/2016,1440,0,0,0,0,0,0,0,0,0
4319703577,4/13/2016,1234,96,15,8,0,1.309999943,0.5899999738,0.5299999714,2.429999888,1.50993146
4319703577,4/14/2016,589,339,9,1,0,6.440000057,0.3300000131,0.1099999994,6.88000007,4.275032523
4319703577,4/15/2016,752,228,0,0,0,3.799999952,0,0,3.799999952,2.36120977
4319703577,4/16/2016,724,194,0,0,0,3.180000067,0,0,3.180000067,1.975959821
4319703577,4/17/2016,1363,3,0,0,0,0.01999999955,0,0,0.01999999955,0.01242741972
4319703577,4/18/2016,824,58,9,1,0,1.120000005,0.3300000131,0.0700000003,1.520000018,0.9444839313
4319703577,4/19/2016,604,311,0,0,0,5.989999771,0,0,5.989999771,3.722012148
4319703577,4/20/2016,671,306,18,0,0,5.309999943,0.6800000072,0,5.98999995,3.722012259
4319703577,4/21/2016,1265,34,0,0,0,0.349999994,0,0,0.349999994,0.2174798463
4319703577,4/22/2016,709,176,19,1,0,2.150000095,0.8100000024,0.05999999866,3.020000096,1.87654048
4319703577,4/23/2016,546,233,0,0,0,3.309999943,0,0,3.309999943,2.056737974
4319703577,4/24/2016,692,191,5,1,0,2.470000029,0.200000003,0.05999999866,2.73000003,1.696342849
4319703577,4/25/2016,544,390,8,0,0,5.929999828,0.2800000012,0,6.20999983,3.858713804
4319703577,4/26/2016,649,288,21,8,0,5.150000095,0.9200000167,0.5699999928,6.640000105,4.125903505
4319703577,4/27/2016,680,300,47,6,0,4.909999847,1.919999957,0.4099999964,7.239999801,4.498725916
4319703577,4/28/2016,552,359,8,13,0,5.940000057,0.3300000131,1.00999999,7.280000061,4.523580918
4319703577,4/29/2016,624,289,18,6,0,4.119999886,0.7900000215,0.4499999881,5.359999895,3.330548495
4319703577,4/30/2016,695,196,38,6,0,3.50999999,1.610000014,0.400000006,5.520000011,3.429967927
4319703577,5/1/2016,836,67,0,0,0,0.8399999738,0,0,0.8399999738,0.5219516237
4319703577,5/2/2016,585,344,11,0,0,5.710000038,0.4399999976,0,6.150000036,3.821431672
4319703577,5/3/2016,669,287,26,8,0,4.829999924,1.070000052,0.5799999833,6.479999959,4.026484055
4319703577,5/4/2016,1106,313,13,8,0,5.849999905,0.5799999833,0.5899999738,7.019999862,4.362024334
4319703577,5/5/2016,957,328,34,27,0,5.449999809,1.409999967,2.630000114,9.48999989,5.896810722
4319703577,5/6/2016,692,314,11,6,0,5.460000038,0.4699999988,0.4099999964,6.340000033,3.939492161
4319703577,5/7/2016,586,279,28,3,0,4.079999924,1.049999952,0.1899999976,5.319999874,3.305693641
4319703577,5/8/2016,603,153,0,0,0,2.460000038,0,0,2.460000038,1.528572684
4319703577,5/9/2016,490,374,14,2,0,6.25,0.5600000024,0.1400000006,6.950000003,4.318528452
4319703577,5/10/2016,555,329,12,3,0,5.699999809,0.4600000083,0.2099999934,6.369999811,3.958133153
4319703577,5/11/2016,574,311,18,3,0,5.179999828,0.7400000095,0.200000003,6.119999841,3.802790421
4319703577,5/12/2016,0,2,0,0,0,0.009999999776,0,0,0.009999999776,0.006213709861
4388161847,4/12/2016,1440,0,0,0,0,0,0,0,0,0
4388161847,4/13/2016,1275,150,14,1,0,3.880000114,0.6299999952,0.05999999866,4.570000108,2.839665537
4388161847,4/14/2016,945,219,35,10,0,5.619999886,1.070000052,0.1299999952,6.819999933,4.237750179
4388161847,4/15/2016,837,299,0,0,0,6.730000019,0,0,6.730000019,4.181826842
4388161847,4/16/2016,609,253,9,6,0,4.449999809,0.400000006,0.2099999934,5.059999809,3.144137141
4388161847,4/17/2016,721,201,0,0,0,3.579999924,0,0,3.579999924,2.224508133
4388161847,4/18/2016,1017,239,8,27,0,5.139999866,0.400000006,3.559999943,9.099999815,5.654475985
4388161847,4/19/2016,704,249,16,20,0,5.769999981,0.6899999976,1.370000005,7.829999983,4.86533492
4388161847,4/20/2016,696,228,42,19,0,5.289999962,1.720000029,1.100000024,8.110000014,5.039318819
4388161847,4/21/2016,853,272,12,7,0,6.980000019,0.3899999857,0.3700000048,7.74000001,4.809411546
4388161847,4/22/2016,945,220,25,77,0,4.920000076,1.110000014,3.299999952,9.330000043,5.797391457
4388161847,4/23/2016,749,215,5,58,0,5.349999905,0.3199999928,4.5,10.1699999,6.319343006
4388161847,4/24/2016,584,239,8,14,0,6.300000191,0.5099999905,1.080000043,7.890000224,4.902617329
4388161847,4/25/2016,1054,301,31,11,0,7.840000153,1.399999976,0.7300000191,9.970000148,6.195068962
4388161847,4/26/2016,673,224,23,14,0,5.269999981,1.059999943,0.9399999976,7.269999921,4.517367121
4388161847,4/27/2016,684,241,48,11,0,5.389999866,2.50999999,0.6999999881,8.599999845,5.343790504
4388161847,4/28/2016,878,234,9,19,0,6.03000021,0.4300000072,1.289999962,7.750000179,4.815625361
4388161847,4/29/2016,1175,236,16,13,0,5.420000076,0.8899999857,0.8000000119,7.110000074,4.417947856
4388161847,4/30/2016,537,300,43,14,0,6.940000057,2,0.6999999881,9.640000045,5.990016468
4388161847,5/1/2016,579,241,15,12,0,6.199999809,0.6800000072,1.00999999,7.889999807,4.90261707
4388161847,5/2/2016,935,204,4,33,0,4.550000191,0.07999999821,3.769999981,8.40000017,5.219516506
4388161847,5/3/2016,984,306,18,18,0,7.880000114,0.7799999714,1.129999995,9.790000081,6.08322214
4388161847,5/4/2016,632,251,21,35,0,5.800000191,0.9300000072,2.789999962,9.52000016,5.915452019
4388161847,5/5/2016,896,199,39,12,0,5.090000153,1.669999957,0.6299999952,7.390000105,4.591931755
4388161847,5/6/2016,1100,262,45,33,0,5.929999828,2.089999914,2.109999895,10.12999964,6.294488005
4388161847,5/7/2016,508,260,56,120,0,5.329999924,2.769999981,9.449999809,17.54999971,10.90506087
4388161847,5/8/2016,576,178,38,107,0,3.230000019,1.25999999,9.890000343,14.38000035,8.935315199
4388161847,5/9/2016,1020,258,19,6,0,6.789999962,0.7300000191,0.3400000036,7.859999985,4.88397605
4388161847,5/10/2016,648,267,14,13,0,6.460000038,0.6499999762,0.8100000024,7.920000017,4.92125833
4388161847,5/11/2016,858,256,18,8,0,6.53000021,0.7900000215,0.5299999714,7.850000203,4.877762476
4388161847,5/12/2016,825,108,0,0,0,2.589999914,0,0,2.589999914,1.609350837
4445114986,4/12/2016,787,196,0,0,0,2.200000048,0,0,2.200000048,1.36701623
4445114986,4/13/2016,840,194,0,0,0,1.99000001,0,0,1.99000001,1.236528296
4445114986,4/14/2016,717,231,0,0,0,2.670000076,0,0,2.670000076,1.659060617
4445114986,4/15/2016,711,350,0,0,0,4.829999924,0,0,4.829999924,3.001221883
4445114986,4/16/2016,716,225,0,0,0,2.650000095,0,0,2.650000095,1.646633209
4445114986,4/17/2016,1219,114,0,0,0,1.519999981,0,0,1.519999981,0.9444839081
4445114986,4/18/2016,1247,162,6,25,0,1.950000048,0.2899999917,2,4.240000039,2.634613064
4445114986,4/19/2016,895,121,0,0,0,1.389999986,0,0,1.389999986,0.8637056811
4445114986,4/20/2016,841,137,0,0,0,1.389999986,0,0,1.389999986,0.8637056811
4445114986,4/21/2016,756,215,0,0,0,2.539999962,0,0,2.539999962,1.578282316
4445114986,4/22/2016,706,317,0,0,0,4.579999924,0,0,4.579999924,2.845879133
4445114986,4/23/2016,1239,201,0,0,0,2.930000067,0,0,2.930000067,1.820617071
4445114986,4/24/2016,1196,244,0,0,0,3.359999895,0,0,3.359999895,2.087806495
4445114986,4/25/2016,916,179,0,0,0,2.269999981,0,0,2.269999981,1.410512158
4445114986,4/26/2016,839,180,1,29,0,1.960000038,0.03999999911,2.410000086,4.410000123,2.740246186
4445114986,4/27/2016,839,194,1,32,0,2.380000114,0.02999999933,2.619999886,5.029999999,3.12549613
4445114986,4/28/2016,762,236,0,0,0,3.00999999,0,0,3.00999999,1.870326704
4445114986,4/29/2016,1106,226,0,0,0,3.130000114,0,0,3.130000114,1.944891301
4445114986,4/30/2016,797,290,0,0,0,4.179999828,0,0,4.179999828,2.597330673
4445114986,5/1/2016,741,240,0,0,0,3.50999999,0,0,3.50999999,2.181012204
4445114986,5/2/2016,667,200,4,27,0,2.349999905,0.1899999976,2.210000038,4.74999994,2.951512213
4445114986,5/3/2016,725,233,2,30,0,2.579999924,0.1099999994,2.480000019,5.169999942,3.212488034
4445114986,5/4/2016,897,180,0,0,0,1.960000038,0,0,1.960000038,1.217887184
4445114986,5/5/2016,734,185,6,2,0,2.180000067,0.2399999946,0.1199999973,2.540000059,1.578282376
4445114986,5/6/2016,809,229,0,0,0,3.029999971,0,0,3.029999971,1.882754112
4445114986,5/7/2016,866,108,4,26,0,1.25,0.1899999976,2.130000114,3.570000112,2.21829454
4445114986,5/8/2016,733,308,8,0,0,4.650000095,0.25,0,4.900000095,3.044717959
4445114986,5/9/2016,641,266,0,0,0,3.539999962,0,0,3.539999962,2.199653316
4445114986,5/10/2016,783,231,0,0,0,2.630000114,0,0,2.630000114,1.634205801
4445114986,5/11/2016,622,232,22,34,0,2.859999895,1,2.25,6.109999895,3.796576745
4445114986,5/12/2016,380,58,0,0,0,0.5199999809,0,0,0.5199999809,0.3231129081
4558609924,4/12/2016,1122,318,0,0,0,3.390000105,0,0,3.390000105,2.106447755
4558609924,4/13/2016,1287,127,7,19,0,1.610000014,0.4399999976,1.24000001,3.290000021,2.044310603
4558609924,4/14/2016,1161,279,0,0,0,4.489999771,0,0,4.489999771,2.789955648
4558609924,4/15/2016,1131,262,30,17,0,3.730000019,0.8399999738,0.5899999738,5.159999967,3.206274339
4558609924,4/16/2016,1112,308,12,8,0,3.5,0.75,0.5500000119,4.800000012,2.982580807
4558609924,4/17/2016,1110,304,19,7,0,4.710000038,1.139999986,0.5500000119,6.400000036,3.976774422
4558609924,4/18/2016,1080,331,15,14,0,4,0.9300000072,0.9800000191,5.910000026,3.672302626
4558609924,4/19/2016,1182,248,9,1,0,3.160000086,0.3600000143,0.05000000075,3.570000101,2.218294533
4558609924,4/20/2016,1218,222,0,0,0,3.170000076,0,0,3.170000076,1.969746117
4558609924,4/21/2016,844,432,21,6,0,7.699999809,0.9700000286,0.4199999869,9.089999825,5.648262281
4558609924,4/22/2016,1122,273,25,20,0,3.470000029,1.5,1.370000005,6.340000033,3.939492161
4558609924,4/23/2016,1122,308,5,5,0,4.010000229,0.200000003,0.3400000036,4.550000235,2.827238196
4558609924,4/24/2016,1045,395,0,0,0,5.650000095,0,0,5.650000095,3.510746209
4558609924,4/25/2016,993,340,10,18,0,4.510000229,0.25,0.5899999738,5.350000203,3.324334976
4558609924,4/26/2016,1062,283,41,12,0,3.589999914,2.029999971,0.4300000072,6.049999893,3.759294483
4558609924,4/27/2016,1087,312,14,27,0,3.460000038,0.8899999857,1.960000038,6.310000062,3.920851049
4558609924,4/28/2016,985,367,11,1,0,5.949999809,0.2700000107,0.01999999955,6.23999982,3.877354928
4558609924,4/29/2016,1096,197,29,15,0,2.309999943,1.850000024,1.019999981,5.179999948,3.218701747
4558609924,4/30/2016,1111,293,29,7,0,4.460000038,1.889999986,0.4699999988,6.820000023,4.237750234
4558609924,5/1/2016,1121,190,0,0,0,2.269999981,0,0,2.269999981,1.410512158
4558609924,5/2/2016,1057,383,0,0,0,5.21999979,0,0,5.21999979,3.24355649
4558609924,5/3/2016,1172,237,10,21,0,2.599999905,0.2800000012,0.6000000238,3.47999993,2.162371036
4558609924,5/4/2016,1188,252,0,0,0,3.460000038,0,0,3.460000038,2.149943684
4558609924,5/5/2016,1048,370,8,14,0,5.510000229,0.5,1.00999999,7.020000219,4.362024556
4558609924,5/6/2016,1238,202,0,0,0,2.480000019,0,0,2.480000019,1.541000092
4558609924,5/7/2016,1116,233,16,23,0,2.829999924,1,1.610000014,5.439999938,3.380258201
4558609924,5/8/2016,1019,238,35,66,0,2.019999981,0.5,1.799999952,4.319999933,2.684322679
4558609924,5/9/2016,1065,339,30,6,0,5.519999981,1.620000005,0.4300000072,7.569999993,4.703778466
4558609924,5/10/2016,1191,220,18,11,0,2.390000105,1.120000005,0.7400000095,4.250000119,2.640826824
4558609924,5/11/2016,1081,324,31,4,0,3.940000057,1.820000052,0.2599999905,6.0200001,3.740653482
4558609924,5/12/2016,736,247,0,0,0,4.170000076,0,0,4.170000076,2.591117117
4702921684,4/12/2016,718,263,0,0,0,5.849999905,0,0,5.849999905,3.635020291
4702921684,4/13/2016,777,258,0,0,0,5.579999924,0,0,5.579999924,3.467250133
4702921684,4/14/2016,772,271,0,0,0,6.369999886,0,0,6.369999886,3.958133199
4702921684,4/15/2016,944,256,8,1,0,4.789999962,0.4199999869,0.0700000003,5.279999949,3.280838848
4702921684,4/16/2016,556,335,24,3,0,7.539999962,1.25,0.2399999946,9.029999956,5.610980103
4702921684,4/17/2016,437,302,66,12,0,5.880000114,3.460000038,0.9599999785,10.30000013,6.400121381
4702921684,4/18/2016,890,191,30,22,0,4.070000172,1.49000001,1.820000052,7.380000234,4.585718125
4702921684,4/19/2016,757,179,8,10,0,4.190000057,0.3700000048,0.8799999952,5.440000057,3.380258276
4702921684,4/20/2016,717,260,29,2,0,5.730000019,1.230000019,0.1599999964,7.120000035,4.424161541
4702921684,4/21/2016,901,144,41,4,0,2.940000057,2.049999952,0.3100000024,5.300000012,3.293266307
4702921684,4/22/2016,1341,72,0,0,0,1.350000024,0,0,1.350000024,0.8388508648
4702921684,4/23/2016,469,408,66,9,0,8.270000458,3.24000001,0.7599999905,12.27000046,7.624222454
4702921684,4/24/2016,542,281,95,15,0,5.880000114,5.119999886,1.200000048,12.20000005,7.58072623
4702921684,4/25/2016,730,270,15,6,0,6.110000134,0.8199999928,0.4900000095,7.420000136,4.610572904
4702921684,4/26/2016,765,216,8,1,0,4.539999962,0.349999994,0.0700000003,4.959999956,3.082000133
4702921684,4/27/2016,733,238,16,1,0,4.78000021,0.8000000119,0.09000000358,5.670000225,3.52317371
4702921684,4/28/2016,738,232,9,14,0,5.769999981,0.4199999869,1.129999995,7.319999963,4.548435697
4702921684,4/29/2016,692,267,19,12,0,6.070000172,0.9200000167,1.059999943,8.050000131,5.002036631
4702921684,4/30/2016,728,263,36,4,0,5.880000114,2.029999971,0.3199999928,8.230000079,5.113883379
4702921684,5/1/2016,1440,0,0,0,0,0,0,0,0,0
4702921684,5/2/2016,1131,195,40,5,0,3.75999999,1.74000001,0.3799999952,5.879999995,3.653661477
4702921684,5/3/2016,729,313,0,0,0,7.670000076,0,0,7.670000076,4.765915617
4702921684,5/4/2016,757,251,15,4,0,5.539999962,0.7300000191,0.3400000036,6.609999985,4.1072623
4702921684,5/5/2016,745,241,5,8,0,6.090000153,0.2199999988,0.6700000167,6.980000168,4.337169684
4702921684,5/6/2016,682,207,16,1,0,4.869999886,0.6600000262,0.07999999821,5.60999991,3.485891254
4702921684,5/7/2016,577,439,46,5,0,8.970000267,2.309999943,0.3700000048,11.65000021,7.238972283
4702921684,5/8/2016,1019,192,125,9,0,3.539999962,6.210000038,0.6800000072,10.43000001,6.480899534
4702921684,5/9/2016,746,253,12,0,0,6.099999905,0.5699999928,0,6.669999897,4.144544506
4702921684,5/10/2016,701,262,37,1,0,6.650000095,1.879999995,0.07999999821,8.610000089,5.350004365
4702921684,5/11/2016,784,235,41,10,0,4.980000019,2.160000086,0.7799999714,7.920000076,4.921258367
4702921684,5/12/2016,241,68,0,0,0,2.230000019,0,0,2.230000019,1.385657342
5553957443,4/12/2016,767,277,13,19,0,5.409999847,0.7900000215,1.370000005,7.569999874,4.703778391
5553957443,4/13/2016,647,226,0,0,0,3.160000086,0,0,3.160000086,1.963532413
5553957443,4/14/2016,693,256,41,61,0,4.670000076,2.450000048,4,11.12000012,6.909645597
5553957443,4/15/2016,689,239,38,58,0,4.710000038,1.980000019,4.159999847,10.8499999,6.741875291
5553957443,4/16/2016,521,288,0,0,0,3.769999981,0,0,3.769999981,2.342568658
5553957443,4/17/2016,943,46,0,0,0,0.4300000072,0,0,0.4300000072,0.2671895344
5553957443,4/18/2016,622,206,0,0,0,2.430000067,0,0,2.430000067,1.509931571
5553957443,4/19/2016,756,249,28,69,0,4.179999828,1.659999967,4.28000021,10.12,6.288274523
5553957443,4/20/2016,598,148,0,0,0,1.769999981,0,0,1.769999981,1.099826658
5553957443,4/21/2016,801,177,42,47,0,2.960000038,2.160000086,2.950000048,8.070000172,5.014464077
5553957443,4/22/2016,781,270,16,25,0,5.599999905,0.6299999952,1.379999995,7.609999895,4.728633245
5553957443,4/23/2016,443,272,0,0,0,2.680000067,0,0,2.680000067,1.665274321
5553957443,4/24/2016,582,104,0,0,0,1.179999948,0,0,1.179999948,0.7332177474
5553957443,4/25/2016,732,201,11,51,0,3.690000057,0.5699999928,2.930000067,7.190000117,4.467657563
5553957443,4/26/2016,750,238,18,40,0,4.460000038,0.9300000072,2.369999886,7.759999931,4.821838917
5553957443,4/27/2016,745,206,16,16,0,4.739999771,1,1.139999986,6.879999757,4.275032329
5553957443,4/28/2016,727,165,13,49,0,3.170000076,0.75,3.710000038,7.630000114,4.741060801
5553957443,4/29/2016,709,270,15,46,0,4.909999847,0.6399999857,2.789999962,8.339999795,5.182234013
5553957443,4/30/2016,506,84,0,0,0,0.7799999714,0,0,0.7799999714,0.4846693622
5553957443,5/1/2016,436,237,0,0,0,3.369999886,0,0,3.369999886,2.094020199
5553957443,5/2/2016,724,227,9,23,0,4.900000095,0.4099999964,1.059999943,6.370000035,3.958133291
5553957443,5/3/2016,812,247,29,26,0,5.679999828,1.200000048,1.5,8.379999876,5.207088903
5553957443,5/4/2016,651,224,0,0,0,2.769999981,0,0,2.769999981,1.721197658
5553957443,5/5/2016,692,241,29,44,0,4.429999828,1.659999967,3.430000067,9.519999862,5.915451834
5553957443,5/6/2016,761,229,9,21,0,4.230000019,0.5400000215,1.519999981,6.290000021,3.908423603
5553957443,5/7/2016,902,96,0,0,0,1.220000029,0,0,1.220000029,0.7580726378
5553957443,5/8/2016,505,210,8,3,0,3.299999952,0.4699999988,0.2199999988,3.98999995,2.479270259
5553957443,5/9/2016,667,251,22,59,0,4.559999943,0.8899999857,2.130000114,7.580000043,4.709992207
5553957443,5/10/2016,707,265,40,61,0,5.199999809,1.610000014,3.869999886,10.67999971,6.636242099
5553957443,5/11/2016,628,195,0,0,0,3.220000029,0,0,3.220000029,2.000814638
5553957443,5/12/2016,222,48,6,8,0,1.059999943,0.400000006,0.5799999833,2.039999932,1.267596798
5577150313,4/12/2016,728,140,16,86,0,2.099999905,0.3799999952,3.599999905,6.079999804,3.777935559
5577150313,4/13/2016,776,144,11,15,0,3.25,0.2199999988,0.3199999928,3.789999992,2.354996085
5577150313,4/14/2016,662,176,30,118,0,2.779999971,0.3100000024,3.329999924,6.419999897,3.989201756
5577150313,4/15/2016,695,199,54,115,0,3.559999943,1.600000024,3.920000076,9.080000043,5.642048707
5577150313,4/16/2016,472,158,56,184,0,2.730000019,1.279999971,6.639999866,10.64999986,6.617601061
5577150313,4/17/2016,525,159,37,200,0,2.319999933,0.8299999833,5.980000019,9.129999936,5.67311719
5577150313,4/18/2016,623,130,32,114,0,1.820000052,0.7200000286,4.860000134,7.400000215,4.598145533
5577150313,4/19/2016,733,111,23,108,0,1.75999999,0.6399999857,7.019999981,9.419999957,5.853314793
5577150313,4/20/2016,773,113,16,87,0,1.75999999,0.3400000036,4.119999886,6.21999988,3.864927545
5577150313,4/21/2016,670,175,74,110,0,2.779999971,1.659999967,3.650000095,8.090000033,5.026891411
5577150313,4/22/2016,823,200,30,62,0,3.299999952,0.7900000215,2.420000076,6.51000005,4.045125241
5577150313,4/23/2016,627,223,24,24,0,4.139999866,0.3600000143,1.210000038,5.709999919,3.54802836
5577150313,4/24/2016,425,141,65,210,0,1.980000019,2.150000095,7.650000095,11.78000021,7.31975051
5577150313,4/25/2016,743,214,38,61,0,2.75999999,0.6700000167,1.350000024,4.780000031,2.970153399
5577150313,4/26/2016,759,181,32,38,0,2.470000029,0.6499999762,0.8500000238,3.970000029,2.466842888
5577150313,4/27/2016,773,190,16,63,0,2.930000067,0.400000006,1.809999943,5.140000015,3.19384695
5577150313,4/28/2016,692,141,51,99,0,3.00999999,1.169999957,3.25,7.429999948,4.616786497
5577150313,4/29/2016,739,165,36,97,0,2.470000029,0.6100000143,2.839999914,5.919999957,3.678516293
5577150313,4/30/2016,621,163,45,207,0,2.609999895,0.7900000215,5.829999924,9.22999984,5.735254231
5577150313,5/1/2016,499,178,72,194,0,3.24000001,1.440000057,5.309999943,9.99000001,6.207496296
5577150313,5/2/2016,732,235,20,37,0,4.070000172,0.349999994,1.120000005,5.54000017,3.442395446
5577150313,5/3/2016,580,212,8,97,0,3.569999933,0.150000006,4.519999981,8.23999992,5.12009699
5577150313,5/4/2016,631,141,9,25,0,2.079999924,0.25,1.559999943,3.889999866,2.417133107
5577150313,5/5/2016,1153,143,21,45,0,2.670000076,0.4699999988,2.5,5.640000075,3.504532487
5577150313,5/6/2016,1304,79,16,41,0,1.450000048,0.3199999928,1.929999948,3.699999988,2.299072693
5577150313,5/7/2016,1440,0,0,0,0,0,0,0,0,0
5577150313,5/8/2016,1440,0,0,0,0,0,0,0,0,0
5577150313,5/9/2016,1099,70,11,34,0,0.9900000095,0.1400000006,1.429999948,2.559999958,1.590709734
5577150313,5/10/2016,639,194,37,104,0,3.349999905,0.75,2.559999943,6.659999847,4.138330765
5577150313,5/11/2016,257,63,15,45,0,0.8899999857,0.3000000119,1.830000043,3.020000041,1.876540445
6117666160,4/12/2016,1440,0,0,0,0,0,0,0,0,0
6117666160,4/13/2016,1440,0,0,0,0,0,0,0,0,0
6117666160,4/14/2016,1440,0,0,0,0,0,0,0,0,0
6117666160,4/15/2016,921,513,6,0,0,10.30000019,0.2800000012,0,10.58000019,6.574105299
6117666160,4/16/2016,502,518,15,7,0,9.479999542,0.8500000238,0.5799999833,10.90999955,6.77915733
6117666160,4/17/2016,702,312,0,0,0,5.400000095,0,0,5.400000095,3.355403459
6117666160,4/18/2016,759,241,0,0,0,3.890000105,0,0,3.890000105,2.417133255
6117666160,4/19/2016,425,480,0,0,0,8.409999847,0,0,8.409999847,5.225730015
6117666160,4/20/2016,587,349,10,26,0,5.519999981,0.4799999893,2.029999971,8.029999942,4.989609094
6117666160,4/21/2016,579,294,19,11,0,5.619999886,0.400000006,0.9800000191,6.999999911,4.349596944
6117666160,4/22/2016,413,402,0,0,0,6.199999809,0,0,6.199999809,3.852500081
6117666160,4/23/2016,468,512,0,0,0,8.680000305,0,0,8.680000305,5.39350047
6117666160,4/24/2016,711,362,0,0,0,5.760000229,0,0,5.760000229,3.579097102
6117666160,4/25/2016,1440,0,0,0,0,0,0,0,0,0
6117666160,4/26/2016,1077,352,7,0,0,6.869999886,0.3400000036,0,7.209999889,4.480084841
6117666160,4/27/2016,417,458,0,0,0,7.110000134,0,0,7.110000134,4.417947893
6117666160,4/28/2016,758,141,0,0,0,2.599999905,0,0,2.599999905,1.615564541
6117666160,4/29/2016,479,461,0,0,0,7.239999771,0,0,7.239999771,4.498725898
6117666160,4/30/2016,1040,343,0,0,0,5.28000021,0,0,5.28000021,3.28083901
6117666160,5/1/2016,525,397,0,0,0,6.730000019,0,0,6.730000019,4.181826842
6117666160,5/2/2016,1204,236,0,0,0,3.730000019,0,0,3.730000019,2.317713842
6117666160,5/3/2016,1440,0,0,0,0,0,0,0,0,0
6117666160,5/4/2016,1279,156,0,0,0,2.25999999,0,0,2.25999999,1.404298454
6117666160,5/5/2016,479,487,0,0,0,7.400000095,0,0,7.400000095,4.598145459
6117666160,5/6/2016,673,133,0,0,0,2.680000067,0,0,2.680000067,1.665274321
6117666160,5/7/2016,456,412,0,0,0,5.539999962,0,0,5.539999962,3.442395316
6117666160,5/8/2016,517,318,0,0,0,5.53000021,0,0,5.53000021,3.43618176
6117666160,5/9/2016,125,197,0,0,0,3.380000114,0,0,3.380000114,2.100234051
6290855005,4/12/2016,1241,199,0,0,0,3.450000048,0,0,3.450000048,2.14372998
6290855005,4/13/2016,1090,350,0,0,0.009999999776,5.389999866,0,0,5.389999866,3.349189607
6290855005,4/14/2016,1077,363,0,0,0.02999999933,5.769999981,0,0,5.769999981,3.585310658
6290855005,4/15/2016,1112,328,0,0,0.009999999776,7.170000076,0,0,7.170000076,4.455230117
6290855005,4/16/2016,1182,258,0,0,0.009999999776,6.269999981,0,0,6.269999981,3.895996158
6290855005,4/17/2016,1172,225,12,31,0,4,0.7900000215,1.139999986,5.930000007,3.684730034
6290855005,4/18/2016,1169,271,0,0,0.01999999955,5.190000057,0,0,5.190000057,3.224915526
6290855005,4/19/2016,1119,321,0,0,0.009999999776,5.389999866,0,0,5.389999866,3.349189607
6290855005,4/20/2016,1182,258,0,0,0.009999999776,4.800000191,0,0,4.800000191,2.982580919
6290855005,4/21/2016,1440,0,0,0,0,0,0,0,0,0
6290855005,4/22/2016,1138,302,0,0,0,4.71999979,0,0,4.71999979,2.93287099
6290855005,4/23/2016,1407,0,0,33,0,0,0,0,0,0
6290855005,4/24/2016,1182,258,0,0,0,4.460000038,0,0,4.460000038,2.771314684
6290855005,4/25/2016,1180,249,3,8,0.009999999776,5.03000021,0.1800000072,0.6800000072,5.890000224,3.659875329
6290855005,4/26/2016,1440,0,0,0,0,0,0,0,0,0
6290855005,4/27/2016,1153,287,0,0,0.02999999933,4.179999828,0,0,4.179999828,2.597330673
6290855005,4/28/2016,1185,255,0,0,0,4.329999924,0,0,4.329999924,2.690536383
6290855005,4/29/2016,1440,0,0,0,0,0,0,0,0,0
6290855005,4/30/2016,1116,324,0,0,0.009999999776,5.090000153,0,0,5.090000153,3.162778485
6290855005,5/1/2016,1055,282,95,8,0.01999999955,4,2.75,0.6600000262,7.410000026,4.604359126
6290855005,5/2/2016,1172,268,0,0,0.01999999955,5.110000134,0,0,5.110000134,3.175205893
6290855005,5/3/2016,1200,240,0,0,0,4.570000172,0,0,4.570000172,2.839665577
6290855005,5/4/2016,1168,272,0,0,0.009999999776,4.400000095,0,0,4.400000095,2.734032459
6290855005,5/5/2016,1201,239,0,0,0,4.789999962,0,0,4.789999962,2.976367066
6290855005,5/6/2016,1135,305,0,0,0.02999999933,4.590000153,0,0,4.590000153,2.852092985
6290855005,5/7/2016,1213,227,0,0,0,4.159999847,0,0,4.159999847,2.584903265
6290855005,5/8/2016,1189,251,0,0,0,5.820000172,0,0,5.820000172,3.616379327
6290855005,5/9/2016,800,264,0,0,0.01999999955,4.730000019,0,0,4.730000019,2.939084842
6290855005,5/10/2016,1440,0,0,0,0,0,0,0,0,0
6775888955,4/12/2016,1440,0,0,0,0,0,0,0,0,0
6775888955,4/13/2016,1053,85,18,17,0,1.220000029,0.5799999833,1.110000014,2.910000026,1.808189626
6775888955,4/14/2016,863,105,24,14,0,1.970000029,0.8600000143,0.8700000048,3.700000048,2.29907273
6775888955,4/15/2016,976,58,0,0,0,0.9200000167,0,0,0.9200000167,0.5716613304
6775888955,4/16/2016,1377,9,18,36,0,0.05999999866,0.8100000024,2.519999981,3.389999982,2.106447679
6775888955,4/17/2016,1392,19,24,5,0,0.3100000024,1.129999995,0.349999994,1.789999992,1.112254085
6775888955,4/18/2016,1233,146,31,30,0,3.170000076,0.7699999809,2,5.940000057,3.690943776
6775888955,4/19/2016,1440,0,0,0,0,0,0,0,0,0
6775888955,4/20/2016,1079,178,113,70,0,2.220000029,1.74000001,3.769999981,7.730000019,4.803197842
6775888955,4/21/2016,1440,0,0,0,0,0,0,0,0,0
6775888955,4/22/2016,1420,20,0,0,0,0.4600000083,0,0,0.4600000083,0.2858306652
6775888955,4/23/2016,1440,0,0,0,0,0,0,0,0,0
6775888955,4/24/2016,1400,11,18,11,0,0.150000006,0.6200000048,0.7699999809,1.539999992,0.9569113348
6775888955,4/25/2016,1302,92,13,33,0,1.899999976,0.4600000083,2.269999981,4.629999965,2.876947709
6775888955,4/26/2016,1321,47,30,42,0,0.7300000191,0.8700000048,3.480000019,5.080000043,3.156564707
6775888955,4/27/2016,1440,0,0,0,0,0,0,0,0,0
6775888955,4/28/2016,1410,15,13,2,0,0.2399999946,0.200000003,0.05999999866,0.4999999963,0.3106854977
6775888955,4/29/2016,1440,0,0,0,0,0,0,0,0,0
6775888955,4/30/2016,1344,84,9,3,0,1.480000019,0.1599999964,0.1599999964,1.800000012,1.118467807
6775888955,5/1/2016,1347,50,34,9,0,0.6800000072,0.6200000048,0.4799999893,1.780000001,1.106040381
6775888955,5/2/2016,1440,0,0,0,0,0,0,0,0,0
6775888955,5/3/2016,1439,1,0,0,0,0.009999999776,0,0,0.009999999776,0.006213709861
6775888955,5/4/2016,1440,0,0,0,0,0,0,0,0,0
6775888955,5/5/2016,1440,0,0,0,0,0,0,0,0,0
6775888955,5/6/2016,1318,75,35,12,0,1.929999948,0.9300000072,0.4699999988,3.329999954,2.069165401
6775888955,5/7/2016,551,49,5,2,0,1.049999952,0.2399999946,0.1299999952,1.419999942,0.8823467841
6962181067,4/12/2016,796,189,14,50,0,2.50999999,0.8299999833,3.400000095,6.740000069,4.188040583
6962181067,4/13/2016,548,142,24,8,0,1.960000038,1.210000038,0.5699999928,3.740000069,2.323927583
6962181067,4/14/2016,862,86,0,0,0,1.029999971,0,0,1.029999971,0.6400121122
6962181067,4/15/2016,837,217,0,0,0,3.680000067,0,0,3.680000067,2.286645321
6962181067,4/16/2016,741,280,3,50,0,4.880000114,0.1899999976,3.660000086,8.730000198,5.424568953
6962181067,4/17/2016,634,295,13,5,0,5.690000057,0.6800000072,0.3300000131,6.700000077,4.163185748
6962181067,4/18/2016,689,238,42,13,0,4.320000172,2.390000105,0.8299999833,7.54000026,4.685137501
6962181067,4/19/2016,659,195,41,35,0,2.869999886,2.130000114,2.099999905,7.099999905,4.411734041
6962181067,4/20/2016,639,297,4,48,0,5.090000153,0.1899999976,4.28000021,9.56000036,5.940306984
6962181067,4/21/2016,708,214,27,53,0.1099999994,3.50999999,2.099999905,3.99000001,9.599999905,5.965161541
6962181067,4/22/2016,659,240,33,30,0,3.769999981,1.549999952,1.769999981,7.089999914,4.405520337
6962181067,4/23/2016,484,347,41,58,0,7.039999962,2,4.199999809,13.23999977,8.226951898
6962181067,4/24/2016,720,199,0,0,0,3.319999933,0,0,3.319999933,2.062951679
6962181067,4/25/2016,637,282,31,35,0.1000000015,4.460000038,1.679999948,3.019999981,9.159999967,5.691758339
6962181067,4/26/2016,680,254,7,36,0,3.900000095,0.4199999869,2.579999924,6.900000006,4.287459904
6962181067,4/27/2016,697,279,38,7,0,4.25,2.019999981,0.5500000119,6.819999993,4.237750216
6962181067,4/28/2016,621,288,8,38,0,5.590000153,0.2399999946,2.50999999,8.340000138,5.182234226
6962181067,4/29/2016,645,369,15,12,0,5.809999943,0.4799999893,0.8199999928,7.109999925,4.417947763
6962181067,4/30/2016,731,237,16,32,0,3.670000076,0.7599999905,2.24000001,6.670000076,4.144544617
6962181067,5/1/2016,722,215,0,0,0,3.609999895,0,0,3.609999895,2.243149245
6962181067,5/2/2016,655,313,39,18,0,5.340000153,2,1.200000048,8.5400002,5.306508464
6962181067,5/3/2016,654,267,36,21,0,4.329999924,2.039999962,1.74000001,8.109999895,5.039318745
6962181067,5/4/2016,683,284,36,15,0,4.550000191,1.679999948,0.4699999988,6.700000137,4.163185785
6962181067,5/5/2016,591,305,22,14,0,4.809999943,1.159999967,0.9900000095,6.959999919,4.32474211
6962181067,5/6/2016,717,299,0,0,0,3.910000086,0,0,3.910000086,2.429560663
6962181067,5/7/2016,745,328,0,0,0,4.5,0,0,4.5,2.7961695
6962181067,5/8/2016,709,151,14,0,0,2.25,0.5199999809,0,2.769999981,1.721197658
6962181067,5/9/2016,607,231,21,43,0,3.650000095,1.179999948,3.900000095,8.730000138,5.424568916
6962181067,5/10/2016,626,275,34,62,0,4.989999771,1.75,3.470000029,10.2099998,6.344197786
6962181067,5/11/2016,709,199,7,24,0,2.650000095,0.3100000024,1.49000001,4.450000107,2.765101017
6962181067,5/12/2016,127,105,8,0,0,2.109999895,0.25,0,2.359999895,1.466435495
7007744171,4/12/2016,1024,355,8,53,0,5.409999847,0.3799999952,4.5,10.28999984,6.393907492
7007744171,4/13/2016,1101,261,22,56,0,4.480000019,0.5600000024,4.610000134,9.650000155,5.996230246
7007744171,4/14/2016,1096,304,6,34,0,4.960000038,0.3400000036,2.950000048,8.250000089,5.126310806
7007744171,4/15/2016,1238,202,0,0,0,3.529999971,0,0,3.529999971,2.193439612
7007744171,4/16/2016,1155,203,0,0,0,3.099999905,0,0,3.099999905,1.926250041
7007744171,4/17/2016,1135,305,0,0,0,5.389999866,0,0,5.389999866,3.349189607
7007744171,4/18/2016,1077,284,31,48,0.01999999955,5.050000191,2.119999886,3.789999962,10.96000004,6.810226184
7007744171,4/19/2016,1066,304,17,53,0,5.309999943,0.7599999905,4.409999847,10.47999978,6.511967944
7007744171,4/20/2016,1000,347,33,60,0,5.860000134,0.6700000167,4.789999962,11.32000011,7.03391979
7007744171,4/21/2016,1049,327,34,30,0,5.170000076,1.870000005,2.150000095,9.190000176,5.7103996
7007744171,4/22/2016,1065,261,50,64,0,4.369999886,1.75999999,4.099999905,10.22999978,6.356625194
7007744171,4/23/2016,1190,223,25,2,0,4.150000095,1.129999995,0.1299999952,5.410000086,3.361617163
7007744171,4/24/2016,1021,419,0,0,0,7.420000076,0,0,7.420000076,4.610572867
7007744171,4/25/2016,986,379,24,51,0,7.670000076,1.370000005,4.309999943,13.35000002,8.295302865
7007744171,4/26/2016,978,424,22,16,0,8.229999542,0.9399999976,0.9300000072,10.09999955,6.275846819
7007744171,4/27/2016,1041,337,12,50,0,5.289999962,0.6600000262,4.269999981,10.21999997,6.350411601
7007744171,4/28/2016,1007,401,16,16,0,8.260000229,0.7699999809,1.090000033,10.12000024,6.288274671
7007744171,4/29/2016,961,382,42,55,0,7.949999809,2.049999952,4.309999943,14.3099997,8.891818826
7007744171,4/30/2016,1240,200,0,0,0,2.519999981,0,0,2.519999981,1.565854908
7007744171,5/1/2016,1142,237,0,0,0,3.75,0,0,3.75,2.33014125
7007744171,5/2/2016,1112,250,14,64,0,3.829999924,0.6999999881,4.639999866,9.169999778,5.697971932
7007744171,5/3/2016,1021,330,31,58,0,5.360000134,1.019999981,4.480000019,10.86000013,6.748089143
7007744171,5/4/2016,1440,0,0,0,0,0,0,0,0,0
7007744171,5/5/2016,1047,317,23,53,0,5.480000019,1.289999962,4.329999924,11.0999999,6.897218041
7007744171,5/6/2016,1136,247,13,44,0,3.859999895,0.8100000024,3,7.669999897,4.765915506
7007744171,5/7/2016,111,0,0,0,0,0,0,0,0,0
7086361926,4/12/2016,745,153,6,59,0,2.970000029,0.150000006,5.269999981,8.390000015,5.2133027
7086361926,4/13/2016,744,155,26,31,0,2.839999914,0.2099999934,0.5600000024,3.60999991,2.243149254
7086361926,4/14/2016,787,189,32,35,0,3.660000086,0.3300000131,2.029999971,6.02000007,3.740653464
7086361926,4/15/2016,864,139,21,30,0,2.529999971,1.110000014,2.039999962,5.679999948,3.529387247
7086361926,4/16/2016,1437,3,0,0,0,0.009999999776,0,0,0.009999999776,0.006213709861
7086361926,4/17/2016,1440,0,0,0,0,0,0,0,0,0
7086361926,4/18/2016,1136,114,51,61,0,2.309999943,1.220000029,3.170000076,6.700000048,4.16318573
7086361926,4/19/2016,671,124,69,67,0,2.50999999,1.230000019,3.529999971,7.269999981,4.517367158
7086361926,4/20/2016,797,145,13,87,0,2.539999962,0.4499999881,7.639999866,10.62999982,6.605173616
7086361926,4/21/2016,758,206,6,19,0,4.510000229,0.3000000119,1.360000014,6.170000255,3.833859229
7086361926,4/22/2016,762,153,59,58,0,2.670000076,0.9700000286,2.869999886,6.50999999,4.045125204
7086361926,4/23/2016,1350,90,0,0,0,1.799999952,0,0,1.799999952,1.11846777
7086361926,4/24/2016,566,125,0,0,0,2.150000095,0,0,2.150000095,1.335947709
7086361926,4/25/2016,706,129,39,69,0,2.369999886,0.6999999881,3.75,6.819999874,4.237750141
7086361926,4/26/2016,726,132,33,70,0,2.119999886,0.7699999809,4.159999847,7.049999714,4.380665372
7086361926,4/27/2016,829,145,6,55,0,2.529999971,0.1800000072,5.630000114,8.340000093,5.182234198
7086361926,4/28/2016,810,161,48,54,0,3.359999895,1.639999986,2.789999962,7.789999843,4.840479992
7086361926,4/29/2016,1198,182,36,24,0,4,0.4499999881,0.4900000095,4.939999998,3.069572739
7086361926,4/30/2016,584,308,17,42,0,5.239999771,1.039999962,3.119999886,9.399999619,5.840887163
7086361926,5/1/2016,685,258,15,30,0,4.849999905,0.8999999762,2.299999952,8.049999833,5.002036446
7086361926,5/2/2016,737,139,26,66,0,2.660000086,0.6600000262,3.480000019,6.800000131,4.225322881
7086361926,5/3/2016,761,152,36,57,0,3.160000086,0.8500000238,2.74000001,6.750000119,4.194254324
7086361926,5/4/2016,843,135,12,45,0,2.900000095,0.1199999973,5.28000021,8.300000302,5.157379488
7086361926,5/5/2016,1253,149,14,24,0,2.950000048,0.8299999833,1.779999971,5.560000002,3.454822761
7086361926,5/6/2016,834,154,35,84,0,3.119999886,1.429999948,3.819999933,8.369999766,5.200875125
7086361926,5/7/2016,621,209,42,20,0,4.679999828,2.329999924,1.460000038,8.46999979,5.26301224
7086361926,5/8/2016,695,147,27,32,0,3.25,1.529999971,2.309999943,7.089999914,4.405520337
7086361926,5/9/2016,743,171,50,67,0,3.119999886,1.710000038,4.260000229,9.090000153,5.648262485
7086361926,5/10/2016,1182,106,23,72,0,2.450000048,1.200000048,7.110000134,10.76000023,6.685952102
7086361926,5/11/2016,757,128,40,57,0,2.230000019,1.389999986,2.890000105,6.51000011,4.045125278
7086361926,5/12/2016,343,58,4,5,0,1.889999986,0.2700000107,0.3799999952,2.539999992,1.578282335
8053475328,4/12/2016,1193,123,8,116,0,2.099999905,0.3899999857,11.64000034,14.13000023,8.779972375
8053475328,4/13/2016,1177,156,12,95,0,2.450000048,0.4699999988,10.43000031,13.35000035,8.295303069
8053475328,4/14/2016,1123,193,5,119,0,3.359999895,0.2099999934,12.34000015,15.91000004,9.886012636
8053475328,4/15/2016,1142,158,8,132,0,2.589999914,0.3899999857,13.26000023,16.24000013,10.09106512
8053475328,4/16/2016,1255,83,6,96,0,1.49000001,0.2700000107,9.359999657,11.11999968,6.909645319
8053475328,4/17/2016,1113,195,21,111,0,3.640000105,0.8000000119,9.239999771,13.67999989,8.50035521
8053475328,4/18/2016,1137,195,6,102,0,3.349999905,0.2300000042,9.079999924,12.65999983,7.866556756
8053475328,4/19/2016,1152,191,7,90,0,2.950000048,0.3100000024,9.220000267,12.48000032,7.754710277
8053475328,4/20/2016,695,158,5,89,0,2.380000114,0.2300000042,9.579999924,12.19000004,7.574512516
8053475328,4/21/2016,1164,170,6,100,0,2.579999924,0.25,9.670000076,12.5,7.7671375
8053475328,4/22/2016,1260,117,3,60,0,1.879999995,0.150000006,6.260000229,8.29000023,5.151165733
8053475328,4/23/2016,741,223,14,125,0,4.019999981,0.6299999952,12.53999996,17.18999994,10.68136745
8053475328,4/24/2016,1096,182,33,129,0,3.25999999,1.549999952,13.13000011,17.94000006,11.14739578
8053475328,4/25/2016,1104,209,9,118,0,3.859999895,0.4600000083,11.36999989,15.68999979,9.749310859
8053475328,4/26/2016,1182,185,5,68,0,3.099999905,0.200000003,6.309999943,9.60999985,5.971375217
8053475328,4/27/2016,1187,183,10,60,0,2.930000067,0.4300000072,6.460000038,9.820000112,6.10186329
8053475328,4/28/2016,1188,153,9,90,0,2.349999905,0.3899999857,9.670000076,12.40999997,7.711214089
8053475328,4/29/2016,1215,159,8,58,0,3.170000076,0.3100000024,6.170000076,9.650000155,5.996230246
8053475328,4/30/2016,1281,131,1,27,0,2.539999962,0.05999999866,2.99000001,5.58999997,3.473463871
8053475328,5/1/2016,1389,51,0,0,0,0.8500000238,0,0,0.8500000238,0.5281653648
8053475328,5/2/2016,1345,95,0,0,0,1.429999948,0,0,1.429999948,0.8885604974
8053475328,5/3/2016,1166,165,22,87,0,2.589999914,0.9300000072,8.390000343,11.91000026,7.400528774
8053475328,5/4/2016,1220,123,8,89,0,1.909999967,0.400000006,8.819999695,11.12999967,6.915859023
8053475328,5/5/2016,1208,130,9,93,0,2.210000038,0.4499999881,8.850000381,11.51000041,7.151980463
8053475328,5/6/2016,1245,90,15,90,0,1.210000038,0.6899999976,9.100000381,11.00000042,6.835081259
8053475328,5/7/2016,1076,148,20,121,0,2.349999905,0.8799999952,12.43999958,15.66999948,9.736883247
8053475328,5/8/2016,1073,228,14,125,0,3.660000086,0.5899999738,13.39999962,17.64999968,10.96719795
8053475328,5/9/2016,1214,148,12,66,0,2.690000057,0.5699999928,6.119999886,9.379999936,5.82845994
8053475328,5/10/2016,1219,115,10,96,0,1.850000024,0.4199999869,9.090000153,11.36000016,7.058774661
8053475328,5/11/2016,1189,184,7,60,0,3.039999962,0.2800000012,6.079999924,9.399999887,5.84088733
8053475328,5/12/2016,839,39,4,28,0,0.7599999905,0.200000003,2.950000048,3.910000041,2.429560636
8253242879,4/12/2016,1244,154,2,40,0,1.590000033,0.1400000006,5.429999828,7.159999862,4.449016274
8253242879,4/13/2016,1298,96,11,35,0,1.309999943,0.6299999952,4.170000076,6.110000014,3.796576819
8253242879,4/14/2016,1362,33,16,29,0,0.5400000215,0.9900000095,1.929999948,3.459999979,2.149943647
8253242879,4/15/2016,1335,105,0,0,0,1.75999999,0,0,1.75999999,1.093612954
8253242879,4/16/2016,1268,115,51,6,0,2.450000048,3.269999981,0.4300000072,6.150000036,3.821431672
8253242879,4/17/2016,1237,157,5,41,0,2.329999924,0.150000006,5.429999828,7.909999758,4.91504446
8253242879,4/18/2016,1278,130,16,16,0,1.799999952,0.6299999952,1.039999962,3.469999909,2.156157314
8253242879,4/19/2016,1276,164,0,0,0,2.779999971,0,0,2.779999971,1.727411362
8253242879,4/20/2016,1201,216,18,5,0.009999999776,3.109999895,0.8199999928,0.3300000131,4.259999901,2.647040399
8253242879,4/21/2016,1199,172,20,49,0,1.75,0.9300000072,5.880000114,8.560000122,5.318935836
8253242879,4/22/2016,1320,120,0,0,0,1.870000005,0,0,1.870000005,1.161963773
8253242879,4/23/2016,1193,191,26,30,0,3.130000114,1.039999962,2.089999914,6.25999999,3.889782454
8253242879,4/24/2016,1313,82,4,41,0,1.340000033,0.1899999976,5.599999905,7.129999936,4.43037519
8253242879,4/25/2016,1261,118,54,7,0,1.769999981,2.390000105,0.3600000143,4.5200001,2.808596982
8253242879,4/26/2016,1299,108,14,19,0,1.370000005,0.4900000095,1.179999948,3.039999962,1.888967816
8253242879,4/27/2016,1286,104,5,45,0,1.700000048,0.2300000042,6.239999771,8.169999823,5.07660096
8253242879,4/28/2016,1393,20,16,11,0,0.3400000036,0.7799999714,0.6700000167,1.789999992,1.112254085
8253242879,4/29/2016,1257,136,14,16,0,2.400000095,0.5400000215,1.289999962,4.230000079,2.628399379
8253242879,4/30/2016,1440,0,0,0,0,0,0,0,0,0
8378563200,4/12/2016,723,156,15,65,0,4.5,0.7099999785,0.8299999833,6.039999962,3.753080816
8378563200,4/13/2016,680,169,14,116,0,4.210000038,0.6499999762,4.960000038,9.820000052,6.101863253
8378563200,4/14/2016,699,174,21,123,0,3.910000086,1.029999971,5.619999886,10.55999994,6.561677724
8378563200,4/15/2016,729,190,23,60,0,5.409999847,1.149999976,4.909999847,11.46999967,7.127125166
8378563200,4/16/2016,563,142,21,64,0,2.440000057,1.070000052,5.369999886,8.879999995,5.517774477
8378563200,4/17/2016,599,93,0,0,0,1.690000057,0,0,1.690000057,1.050117026
8378563200,4/18/2016,720,174,10,117,0,5.199999809,0.5600000024,5.050000191,10.81,6.717020511
8378563200,4/19/2016,737,154,19,120,0,4.179999828,0.8799999952,5.300000191,10.36000001,6.437403569
8378563200,4/20/2016,763,169,8,82,0,4.78000021,0.4399999976,2.230000019,7.450000226,4.629214091
8378563200,4/21/2016,677,145,16,137,0,4.289999962,0.8199999928,6.900000095,12.01000005,7.462665741
8378563200,4/22/2016,769,159,12,113,0,4.179999828,0.5899999738,4.909999847,9.67999965,6.014871062
8378563200,4/23/2016,740,136,10,19,0,2.480000019,0.5199999809,1.519999981,4.519999981,2.808596908
8378563200,4/24/2016,734,135,0,0,0,2.940000057,0,0,2.940000057,1.826830776
8378563200,4/25/2016,692,141,16,117,0,3.920000076,0.8700000048,5.050000191,9.840000272,6.114290809
8378563200,4/26/2016,593,161,18,90,0,4.420000076,0.9200000167,7.510000229,12.85000032,7.98461755
8378563200,4/27/2016,676,192,4,4,0,5.329999924,0.1800000072,0.3300000131,5.839999944,3.628806605
8378563200,4/28/2016,711,139,10,11,0,2.910000086,0.4900000095,0.8999999762,4.300000072,2.671895344
8378563200,4/29/2016,767,172,7,3,0,4.269999981,0.3600000143,0.25,4.879999995,3.032290477
8378563200,4/30/2016,780,121,0,0,0,2.339999914,0,0,2.339999914,1.454008087
8378563200,5/1/2016,669,127,10,71,0,2.470000029,0.5600000024,6.03000021,9.060000241,5.62962141
8378563200,5/2/2016,802,142,4,63,0,4.010000229,0.1700000018,0.6299999952,4.810000226,2.98879465
8378563200,5/3/2016,822,195,20,71,0,4.5,1.059999943,1.340000033,6.899999976,4.287459885
8378563200,5/4/2016,680,167,10,19,0,4.199999809,0.4900000095,1.559999943,6.249999762,3.883568602
8378563200,5/5/2016,764,214,3,66,0,5.739999771,0.1599999964,0.8899999857,6.789999753,4.219108937
8378563200,5/6/2016,831,166,5,74,0,3.779999971,0.25,1.549999952,5.579999924,3.467250133
8378563200,5/7/2016,851,158,0,0,0,3.539999962,0,0,3.539999962,2.199653316
8378563200,5/8/2016,621,139,0,0,0,2.329999924,0,0,2.329999924,1.447794383
8378563200,5/9/2016,772,171,13,71,0,4.71999979,0.6600000262,1.269999981,6.649999797,4.132117024
8378563200,5/10/2016,840,152,13,63,0,3.920000076,0.6399999857,0.6600000262,5.220000088,3.243556675
8378563200,5/11/2016,763,184,10,72,0,5.269999981,0.5899999738,1.389999986,7.24999994,4.504939713
8378563200,5/12/2016,433,102,6,8,0,2.690000057,0.2700000107,0.6499999762,3.610000044,2.243149337
8583815059,4/12/2016,1237,196,7,0,0,3.579999924,0.3300000131,0,3.909999937,2.429560571
8583815059,4/13/2016,1252,163,23,2,0,3.230000019,0.9700000286,0.150000006,4.350000054,2.702963883
8583815059,4/14/2016,1306,134,0,0,0,2.430000067,0,0,2.430000067,1.509931571
8583815059,4/15/2016,1375,65,0,0,0,0.8999999762,0,0,0.8999999762,0.5592338852
8583815059,4/16/2016,1440,0,0,0,0,0,0,0,0,0
8583815059,4/17/2016,1440,0,0,0,0,0,0,0,0,0
8583815059,4/18/2016,1309,105,22,4,0,1.350000024,1.059999943,0.3100000024,2.719999969,1.690129101
8583815059,4/19/2016,1257,166,10,7,0,3.440000057,0.4799999893,0.5299999714,4.450000018,2.765100961
8583815059,4/20/2016,1246,167,27,0,0,3.069999933,1.039999962,0,4.109999895,2.553834745
8583815059,4/21/2016,1229,158,18,35,0,3.00999999,1.019999981,2.630000114,6.660000086,4.138330913
8583815059,4/22/2016,1170,212,54,4,0,4.079999924,2.410000086,0.2899999917,6.780000001,4.212895381
8583815059,4/23/2016,1151,238,44,7,0,4.75,2.029999971,0.5299999714,7.309999943,4.542221974
8583815059,4/24/2016,1188,206,44,2,0,4.269999981,2.049999952,0.150000006,6.469999939,4.020270332
8583815059,4/25/2016,1294,122,6,18,0,1.809999943,0.2399999946,1.470000029,3.519999966,2.187225899
8583815059,4/26/2016,1134,214,91,1,0,3.890000105,4.21999979,0.0700000003,8.179999895,5.082814715
8583815059,4/27/2016,1229,129,5,77,0,2.869999886,0.2700000107,6.599999905,9.739999801,6.052153416
8583815059,4/28/2016,1209,203,28,0,0,3.609999895,1.200000048,0,4.809999943,2.988794474
8583815059,4/29/2016,1069,258,67,46,0,4.920000076,3,3.900000095,11.82000017,7.344605327
8583815059,4/30/2016,1093,317,28,2,0,6.429999828,1.279999971,0.150000006,7.859999806,4.883975939
8583815059,5/1/2016,1311,117,2,10,0,2.039999962,0.1199999973,0.7799999714,2.939999931,1.826830697
8583815059,5/2/2016,1440,0,0,0,0,0,0,0,0,0
8583815059,5/3/2016,1440,0,0,0,0,0,0,0,0,0
8583815059,5/4/2016,1440,0,0,0,0,0,0,0,0,0
8583815059,5/5/2016,1370,70,0,0,0,1.179999948,0,0,1.179999948,0.7332177474
8583815059,5/6/2016,1250,166,22,2,0,3.230000019,1.190000057,0.1400000006,4.560000077,2.833451808
8583815059,5/7/2016,1190,250,0,0,0,4.769999981,0,0,4.769999981,2.963939658
8583815059,5/8/2016,1183,182,72,3,0,3.660000086,3.309999943,0.2199999988,7.190000027,4.467657507
8583815059,5/9/2016,1260,110,4,66,0,1.730000019,0.1700000018,5.760000229,7.66000025,4.759702015
8583815059,5/10/2016,1226,162,43,9,0,3.720000029,2.00999999,0.6899999976,6.420000017,3.98920183
8583815059,5/11/2016,1106,177,71,5,0,3.170000076,3.24000001,0.3700000048,6.780000091,4.212895436
8583815059,5/12/2016,1440,0,0,0,0,0,0,0,0,0
8792009665,4/12/2016,831,116,0,0,0,1.639999986,0,0,1.639999986,1.019048431
8792009665,4/13/2016,806,82,0,0,0,0.8399999738,0,0,0.8399999738,0.5219516237
8792009665,4/14/2016,853,84,0,0,0,0.7799999714,0,0,0.7799999714,0.4846693622
8792009665,4/15/2016,937,126,0,0,0,1.590000033,0,0,1.590000033,0.9879799107
8792009665,4/16/2016,1428,12,0,0,0,0.1599999964,0,0,0.1599999964,0.09941935778
8792009665,4/17/2016,1440,0,0,0,0,0,0,0,0,0
8792009665,4/18/2016,1440,0,0,0,0,0,0,0,0,0
8792009665,4/19/2016,1440,0,0,0,0,0,0,0,0,0
8792009665,4/20/2016,744,139,10,0,0,1.74000001,0.2800000012,0,2.020000011,1.255169427
8792009665,4/21/2016,1431,9,0,0,0,0.09000000358,0,0,0.09000000358,0.05592339222
8792009665,4/22/2016,817,195,20,1,0,2.269999981,0.2800000012,0.05000000075,2.599999983,1.615564589
8792009665,4/23/2016,795,232,45,8,0,2.75,0.4399999976,0.1599999964,3.349999994,2.081592846
8792009665,4/24/2016,1410,19,8,3,0,0.1599999964,0.05000000075,0.03999999911,0.2499999963,0.1553427477
8792009665,4/25/2016,1440,0,0,0,0,0,0,0,0,0
8792009665,4/26/2016,1360,80,0,0,0,0.8500000238,0,0,0.8500000238,0.5281653648
8792009665,4/27/2016,900,112,0,0,0,1.129999995,0,0,1.129999995,0.702149227
8792009665,4/28/2016,714,310,0,0,0,3.940000057,0,0,3.940000057,2.448201776
8792009665,4/29/2016,634,380,14,6,0,4.929999828,0.2800000012,0.1400000006,5.34999983,3.324334744
8792009665,4/30/2016,749,301,20,10,0,3.910000086,0.3600000143,0.3300000131,4.600000113,2.85830667
8792009665,5/1/2016,834,79,0,0,0,1.039999962,0,0,1.039999962,0.6462258163
8792009665,5/2/2016,916,101,0,0,0,1.169999957,0,0,1.169999957,0.7270040433
8792009665,5/3/2016,739,156,0,0,0,1.549999952,0,0,1.549999952,0.9631250204
8792009665,5/4/2016,848,129,0,0,0,1.460000038,0,0,1.460000038,0.9072016837
8792009665,5/5/2016,1440,0,0,0,0,0,0,0,0,0
8792009665,5/6/2016,1440,0,0,0,0,0,0,0,0,0
8792009665,5/7/2016,1440,0,0,0,0,0,0,0,0,0
8792009665,5/8/2016,1440,0,0,0,0,0,0,0,0,0
8792009665,5/9/2016,1440,0,0,0,0,0,0,0,0,0
8792009665,5/10/2016,48,0,0,0,0,0,0,0,0,0
8877689391,4/12/2016,1036,312,7,85,0,7.820000172,0.3400000036,12.22000027,20.38000044,12.66354125
8877689391,4/13/2016,1098,216,18,108,0,5.639999866,0.3799999952,3.549999952,9.569999814,5.946520354
8877689391,4/14/2016,1061,298,13,68,0.01999999955,7.75,0.5899999738,10.55000019,18.89000016,11.73769829
8877689391,4/15/2016,1052,281,1,106,0.009999999776,7.010000229,0.05000000075,0.05000000075,7.11000023,4.417947953
8877689391,4/16/2016,888,429,29,94,0,10.71000004,1.210000038,13.23999977,25.15999985,15.63369427
8877689391,4/17/2016,1060,307,15,58,0,8.789999962,0.0700000003,0,8.859999962,5.505347036
8877689391,4/18/2016,1215,191,5,29,0,5.940000057,0.2700000107,2.440000057,8.650000125,5.374859228
8877689391,4/19/2016,1131,214,13,82,0,5.03000021,0.1800000072,12.14999962,17.35999984,10.78700046
8877689391,4/20/2016,1123,225,19,73,0,6.340000153,0.6899999976,11.02000046,18.05000061,11.21574693
8877689391,4/21/2016,1119,226,13,82,0,4.889999866,0.4199999869,12.28999996,17.59999982,10.93612949
8877689391,4/22/2016,1141,236,2,61,0.05000000075,5.96999979,0.02999999933,10.22999954,16.22999933,10.08485091
8877689391,4/23/2016,1032,300,6,102,0.009999999776,7.400000095,0,0,7.400000095,4.598145459
8877689391,4/24/2016,1148,227,1,64,0,4.690000057,0.009999999776,11.01000023,15.71000029,9.761738588
8877689391,4/25/2016,1101,218,8,113,0.009999999776,6.269999981,0.0700000003,2.369999886,8.709999867,5.412141327
8877689391,4/26/2016,1157,258,3,22,0,6.5,0.1299999952,1.75999999,8.389999986,5.213302681
8877689391,4/27/2016,1104,235,8,93,0,7.099999905,0.4399999976,13.06999969,20.6099996,12.80645606
8877689391,4/28/2016,1143,231,8,58,0,5.96999979,0.3799999952,4.929999828,11.27999961,7.00906464
8877689391,4/29/2016,1207,210,5,18,0,5.789999962,0.1700000018,1.379999995,7.339999959,4.560863114
8877689391,4/30/2016,1089,223,4,124,0,4.929999828,0.07999999821,21.65999985,26.66999967,16.57196437
8877689391,5/1/2016,1226,166,12,36,0,4.570000172,0.5699999928,3.130000114,8.270000279,5.138738343
8877689391,5/2/2016,1335,105,0,0,0,3.559999943,0,0,3.559999943,2.212080724
8877689391,5/3/2016,1189,229,3,19,0.009999999776,6.670000076,0.1000000015,1.389999986,8.160000063,5.070387399
8877689391,5/4/2016,1154,212,8,66,0,5.53000021,0.3100000024,10.42000008,16.26000029,10.10349264
8877689391,5/5/2016,1170,188,15,67,0,4.369999886,0.8199999928,5.460000038,10.64999992,6.617601098
8877689391,5/6/2016,1095,232,17,96,0,6.159999847,0.2899999917,12.78999996,19.2399998,11.95517792
8877689391,5/7/2016,1036,271,28,105,0,6.989999771,0.9599999785,0.07999999821,8.029999748,4.989608973
8877689391,5/8/2016,1174,245,4,17,0,6.800000191,0.200000003,1.080000043,8.080000237,5.020677827
8877689391,5/9/2016,1131,217,19,73,0.05000000075,6.239999771,0.8000000119,11.10000038,18.14000016,11.27167004
8877689391,5/10/2016,1187,224,11,18,0,6.28000021,0.4600000083,1.350000024,8.090000242,5.02689154
8877689391,5/11/2016,1127,213,12,88,0,5.889999866,0.4099999964,13.22000027,19.52000013,12.129162
8877689391,5/12/2016,770,137,1,23,0,4.25,0.03999999911,1.820000052,6.110000052,3.796576842